Household_Size,Avg_Temperature_C,Peak_Hours_Usage_kWh,Refrigeradores,Microondas,Lavadoras,Pantallas,Aire_Acondicionado,Focos,Energy_Consumption_kWh
Casa,28.8,2.04,0,1,2,4,1,7,8.12
Pequeño_establecimiento,32.3,3.32,0,1,2,5,3,10,17.88
Casa,17.0,2.86,2,1,1,4,0,8,7.55
Casa,27.5,1.9,4,2,2,0,0,3,7.58
Casa,26.0,2.94,4,2,3,5,2,20,20.15
Casa,33.3,1.46,2,2,1,3,2,9,15.12
Casa,35.4,3.13,3,2,1,5,1,12,13.52
Pequeño_establecimiento,10.3,1.9,0,2,0,5,0,5,3.38
Casa,28.9,0.98,0,1,0,4,0,17,6.76
Casa,11.5,0.5,2,0,1,1,0,19,7.32
Casa,25.4,2.96,2,0,1,0,0,14,5.49
Pequeño_establecimiento,18.1,0.11,3,2,0,5,0,6,6.67
Casa,18.6,2.21,4,2,3,1,0,3,9.69
Casa,19.9,0.95,1,0,2,2,0,12,5.36
Casa,27.4,0.86,4,1,2,0,0,2,5.93
Casa,19.4,1.68,0,2,2,0,0,14,4.35
Casa,30.5,1.66,2,1,1,4,3,6,19.11
Casa,21.3,3.35,3,0,3,5,0,19,11.36
Casa,11.9,2.11,4,0,0,2,0,15,9.16
Casa,31.9,1.31,3,2,3,4,0,14,9.83
Casa,18.0,3.83,4,1,3,3,0,8,9.46
Casa,22.1,0.85,0,2,2,1,0,9,5.2
Casa,29.2,0.42,1,0,0,1,1,19,7.45
Casa,19.3,1.79,3,1,3,4,0,8,8.45
Casa,11.6,1.04,3,2,0,1,0,18,8.18
Casa,20.5,1.91,1,2,1,5,0,17,6.44
Casa,36.4,0.61,3,2,2,1,1,12,12.13
Casa,28.0,1.14,3,0,0,5,2,20,15.78
Casa,28.8,2.61,4,2,1,3,2,2,16.19
Casa,27.7,3.09,4,1,1,2,0,9,8.47
Casa,15.6,3.55,1,2,1,0,0,2,3.42
Casa,21.7,0.75,0,0,3,4,0,10,5.09
Casa,31.0,2.87,3,2,3,4,0,20,11.44
Pequeño_establecimiento,12.8,1.6,0,0,2,5,0,10,4.74
Pequeño_establecimiento,17.8,1.31,1,0,2,3,0,11,5.88
Casa,17.7,2.39,1,1,1,3,0,12,7.16
Casa,22.1,3.03,4,1,2,0,3,2,15.0
Casa,37.5,0.58,3,2,3,2,1,9,12.18
Casa,11.9,1.53,2,0,2,4,0,13,7.72
Casa,24.5,0.91,1,0,0,5,0,2,7.57
Casa,15.0,2.56,3,1,3,3,0,11,8.58
Casa,37.2,1.9,0,1,1,4,3,5,16.99
Casa,13.2,2.43,4,2,1,5,0,16,11.69
Pequeño_establecimiento,21.3,2.27,0,0,2,1,0,20,4.44
Casa,30.7,1.04,1,1,3,4,0,7,6.77
Casa,29.7,0.42,1,2,1,2,2,6,13.84
Casa,21.8,1.98,0,0,1,5,1,6,7.78
Casa,19.7,2.11,1,0,3,2,0,19,6.76
Casa,21.1,2.01,3,1,3,4,1,4,11.98
Casa,17.4,4.28,1,2,1,1,0,3,3.65
Pequeño_establecimiento,15.7,2.85,4,1,2,2,0,5,8.18
Casa,23.5,1.91,3,2,2,3,0,19,9.68
Pequeño_establecimiento,17.5,1.71,2,0,2,5,0,10,8.23
Pequeño_establecimiento,18.0,3.83,1,2,0,4,0,20,7.69
Casa,28.4,2.15,1,2,3,1,3,11,16.08
Pequeño_establecimiento,37.1,1.28,4,2,1,3,1,16,12.98
Casa,26.9,2.85,4,2,0,4,2,2,14.02
Casa,12.2,0.87,0,2,2,1,0,12,4.72
Casa,12.1,0.44,0,1,0,3,0,15,3.34
Casa,36.6,2.18,0,2,1,2,3,11,17.03
Casa,18.3,1.38,4,2,1,4,0,20,11.05
Casa,12.6,0.91,0,0,3,4,0,17,6.89
Casa,26.8,0.68,0,2,2,2,0,9,4.67
Casa,27.5,0.69,2,0,2,0,3,3,14.35
Casa,28.2,2.45,0,1,0,3,2,8,11.7
Casa,17.5,0.45,1,1,2,2,0,20,6.08
Casa,10.4,2.69,4,2,0,4,0,8,10.21
Casa,37.0,1.51,3,1,1,3,3,16,23.2
Casa,17.0,0.73,2,2,1,3,0,9,8.05
Pequeño_establecimiento,28.9,4.75,4,1,1,0,1,15,10.82
Casa,29.8,1.15,4,2,1,4,3,2,19.37
Casa,27.1,1.48,1,2,1,1,2,14,12.95
Casa,18.8,3.66,0,0,0,0,0,4,1.0
Casa,17.6,1.03,1,0,1,0,0,7,3.84
Casa,26.7,2.45,0,0,0,1,3,20,14.61
Casa,34.3,5.34,0,0,1,1,0,16,3.41
Casa,36.5,3.15,4,2,0,0,1,5,10.71
Casa,13.0,0.12,0,1,0,3,0,4,2.68
Casa,14.3,3.97,2,2,0,2,0,5,7.28
Casa,36.5,0.68,2,0,2,2,1,6,11.74
Pequeño_establecimiento,30.6,4.15,2,0,0,0,0,19,6.53
Casa,34.7,1.85,4,1,0,3,3,11,23.3
Casa,15.7,2.0,1,0,1,1,0,9,4.07
Casa,26.5,3.51,3,2,0,5,2,13,14.58
Casa,29.6,1.76,0,2,0,0,2,4,11.02
Casa,29.0,0.72,3,2,3,4,3,19,22.05
Casa,21.4,0.94,1,2,2,3,0,9,7.06
Casa,10.4,0.55,1,2,3,4,0,2,5.51
Pequeño_establecimiento,26.3,1.77,4,1,1,4,2,15,16.05
Casa,17.1,0.94,2,2,2,0,0,14,6.81
Casa,22.6,1.25,2,0,2,3,0,13,7.51
Casa,36.8,2.19,1,0,3,4,1,4,9.56
Casa,21.2,3.9,4,0,2,3,0,19,9.16
Casa,33.5,4.5,4,0,3,2,0,14,9.28
Casa,15.3,3.97,0,1,0,5,0,16,3.87
Casa,28.8,0.56,2,0,3,4,0,11,7.79
Casa,37.4,2.34,1,1,2,4,1,2,9.46
Casa,12.9,1.59,3,0,2,3,0,7,7.11
Casa,10.2,1.88,2,1,1,5,0,10,8.47
Casa,22.1,4.21,0,1,1,2,0,11,4.1
Casa,12.6,4.92,4,1,1,4,0,16,10.55
Casa,31.0,3.83,1,0,1,0,2,10,12.85
Casa,35.6,5.3,2,1,2,3,3,15,20.27
Casa,22.2,0.62,3,2,1,3,3,12,17.08
Pequeño_establecimiento,17.2,2.6,0,2,3,4,0,8,3.99
Casa,22.2,2.05,0,0,0,2,0,3,3.06
Casa,30.3,1.17,2,2,2,4,0,15,8.72
Casa,10.3,2.23,3,2,1,1,0,7,7.31
Casa,26.5,1.24,0,2,2,4,0,6,4.34
Casa,27.2,2.76,1,0,1,5,0,6,5.32
Casa,27.9,0.72,0,0,2,5,3,20,16.82
Casa,16.8,1.24,3,2,1,1,0,20,9.86
Pequeño_establecimiento,30.0,1.37,4,0,0,5,0,7,7.49
Casa,12.6,1.08,4,1,1,5,0,11,12.01
Casa,15.6,2.91,2,2,3,0,0,15,6.53
Pequeño_establecimiento,34.6,1.79,3,0,2,3,0,18,8.43
Casa,30.7,0.24,0,0,2,5,0,4,5.88
Casa,10.4,2.15,0,2,3,3,0,2,4.36
Pequeño_establecimiento,17.0,1.04,4,0,3,2,0,11,8.33
Casa,16.0,1.1,4,2,0,4,0,4,10.44
Casa,17.6,3.39,1,0,2,0,0,6,4.9
Pequeño_establecimiento,16.9,1.01,4,1,0,1,0,20,9.01
Casa,11.8,4.06,1,2,2,2,0,11,6.0
Casa,22.9,1.26,0,1,2,0,0,17,4.33
Casa,30.5,0.72,1,2,0,0,0,2,2.58
Casa,27.0,0.87,1,0,2,1,0,7,4.41
Casa,28.8,2.73,2,1,2,1,3,10,16.96
Pequeño_establecimiento,12.3,0.94,4,0,0,3,0,6,7.49
Casa,36.6,4.56,1,2,1,4,1,15,11.7
Casa,33.5,2.31,0,2,0,2,2,11,13.4
Casa,32.5,1.63,3,2,2,4,1,3,11.32
Casa,33.0,2.0,1,2,3,2,1,6,9.34
Casa,36.1,1.83,4,2,1,0,2,2,16.58
Casa,25.2,5.65,2,1,3,5,0,11,10.84
Pequeño_establecimiento,15.6,1.16,0,2,1,5,0,10,4.14
Casa,27.3,3.2,2,0,3,1,3,4,15.15
Casa,30.8,0.92,3,1,1,1,0,16,7.02
Casa,30.7,3.29,1,0,0,0,2,5,9.13
Casa,24.6,0.37,1,2,1,0,0,14,5.4
Pequeño_establecimiento,11.9,2.46,4,0,1,2,0,7,7.92
Pequeño_establecimiento,20.4,4.92,1,1,1,0,0,18,4.17
Casa,35.8,1.26,0,1,2,2,3,6,16.32
Casa,26.4,1.57,3,1,3,4,0,16,10.08
Casa,25.1,1.34,2,0,0,1,3,9,14.03
Casa,17.5,3.47,3,1,3,1,0,6,7.44
Casa,20.3,0.77,1,0,3,5,0,14,8.89
Casa,35.1,3.38,2,2,0,5,2,2,14.8
Casa,28.7,0.23,4,2,2,1,0,2,7.91
Casa,32.0,3.23,3,0,1,4,0,8,8.26
Casa,22.7,0.85,2,1,2,4,0,6,7.02
Pequeño_establecimiento,27.6,0.63,2,0,2,3,0,15,6.85
Casa,17.0,1.72,2,0,1,2,0,16,5.12
Casa,29.8,5.67,0,0,3,5,0,18,7.52
Casa,22.0,0.48,3,2,1,2,0,19,8.4
Pequeño_establecimiento,22.4,4.24,2,0,0,5,2,8,10.99
Casa,28.2,1.34,3,2,1,3,0,19,9.55
Casa,36.2,1.77,2,0,3,1,2,20,14.91
Casa,11.8,1.0,4,2,2,2,0,8,10.42
Casa,33.1,2.85,4,0,2,5,0,9,9.82
Casa,18.2,0.41,4,0,1,2,0,14,11.39
Casa,22.4,1.18,1,1,0,1,0,19,6.23
Casa,10.6,1.75,2,1,3,0,0,12,6.04
Casa,18.4,3.08,1,0,2,5,0,10,6.75
Casa,24.1,1.45,3,0,1,0,3,2,14.38
Casa,11.6,1.86,1,0,0,3,0,9,6.64
Casa,23.8,0.51,3,0,0,4,2,13,15.09
Casa,36.0,1.52,3,1,2,2,0,3,8.01
Casa,13.0,5.18,3,2,2,5,0,16,10.38
Casa,31.4,3.92,1,0,3,2,1,19,10.25
Casa,21.5,2.42,2,1,0,3,0,18,8.32
Casa,28.3,2.65,1,0,3,3,0,16,8.09
Casa,17.3,4.01,2,0,0,2,0,10,5.99
Casa,14.5,0.75,2,2,0,5,0,4,6.83
Casa,14.5,0.6,3,0,1,1,0,20,7.47
Casa,12.0,5.02,1,0,2,1,0,19,4.74
Casa,15.2,1.28,2,2,0,4,0,9,7.12
Casa,28.6,1.65,4,2,3,2,0,2,8.74
Casa,34.7,2.26,2,2,2,2,0,16,7.9
Pequeño_establecimiento,32.8,2.41,4,2,3,5,1,20,16.04
Casa,29.2,1.06,1,1,2,2,0,11,5.49
Casa,13.1,0.36,1,1,2,5,0,13,9.05
Casa,18.1,1.53,1,1,0,2,0,7,3.88
Pequeño_establecimiento,18.7,1.36,2,0,1,3,3,14,13.44
Pequeño_establecimiento,17.0,1.95,0,2,0,0,0,5,0.62
Casa,24.4,1.06,2,2,2,2,0,14,7.0
Casa,25.0,0.96,2,1,0,0,0,18,6.53
Casa,20.0,1.01,3,0,0,1,0,2,6.67
Casa,19.9,2.63,3,0,2,4,0,6,8.2
Casa,33.2,2.67,2,0,2,1,2,18,15.34
Casa,32.1,1.87,4,1,0,2,1,19,14.75
Casa,18.6,1.56,3,0,0,5,0,8,7.58
Pequeño_establecimiento,35.6,2.73,2,0,0,1,3,17,18.54
Pequeño_establecimiento,36.7,1.21,0,0,3,3,2,9,11.75
Casa,19.1,4.67,4,2,0,0,0,13,8.55
Casa,19.9,0.52,1,1,3,5,0,15,8.58
Casa,24.2,2.97,2,2,1,5,0,20,8.66
Casa,36.4,1.96,2,2,3,2,3,12,19.62
Pequeño_establecimiento,34.5,0.76,4,1,0,3,0,13,9.14
Pequeño_establecimiento,12.9,0.23,3,2,1,0,0,14,6.37
Casa,21.0,3.07,3,0,3,3,0,9,8.01
Casa,25.5,0.64,3,0,3,1,0,2,6.9
Casa,24.1,3.73,1,0,2,2,0,10,4.64
Casa,15.4,0.9,4,0,1,5,0,3,8.51
Pequeño_establecimiento,34.0,1.83,4,1,2,5,3,15,21.02
Casa,29.0,1.64,3,2,1,1,3,14,18.9
Casa,33.5,1.66,3,2,3,5,3,17,23.35
Casa,34.0,1.14,0,0,2,4,2,3,13.21
Casa,31.0,1.97,0,0,0,2,1,5,7.85
Casa,22.3,1.55,2,2,3,1,0,13,7.17
Casa,27.1,1.07,2,1,1,2,3,17,17.22
Casa,14.5,1.69,4,2,1,0,0,11,8.69
Casa,28.9,3.88,4,0,2,2,2,4,14.92
Casa,15.0,0.93,1,0,2,2,0,5,3.73
Casa,29.4,1.7,1,1,1,0,0,7,3.17
Casa,16.4,3.81,0,2,3,1,0,6,4.09
Casa,13.3,2.6,2,1,2,2,0,19,8.83
Casa,14.6,1.57,0,1,0,3,0,4,4.98
Casa,10.1,2.11,0,0,1,2,0,11,3.89
Casa,30.1,0.35,2,2,0,1,2,12,13.78
Casa,30.5,1.24,1,0,1,5,3,20,20.51
Casa,24.4,0.36,2,2,0,0,0,15,6.61
Casa,14.5,0.63,3,0,3,5,0,12,10.05
Casa,12.3,1.71,3,0,1,1,0,5,6.67
Casa,10.5,1.46,3,2,3,4,0,7,9.81
Casa,14.6,1.82,4,2,2,5,0,18,11.08
Casa,34.9,1.05,1,0,1,2,2,20,15.33
Pequeño_establecimiento,16.8,1.12,1,2,3,2,0,14,6.13
Casa,19.9,2.98,4,0,0,0,3,11,15.47
Pequeño_establecimiento,12.9,1.61,0,2,3,2,0,12,4.74
Casa,16.2,7.14,3,0,1,3,0,7,8.56
Casa,24.5,1.54,3,0,3,3,0,3,7.12
Casa,27.0,0.91,0,0,0,5,3,2,13.51
Casa,16.9,0.76,2,1,0,1,0,12,6.21
Casa,11.6,2.68,2,2,0,0,0,17,5.84
Casa,20.9,1.42,1,0,2,4,0,4,6.46
Casa,16.6,5.18,4,1,1,5,0,6,8.94
Casa,16.1,0.78,1,0,0,1,0,16,4.99
Casa,36.9,3.34,2,1,2,0,1,16,10.38
Casa,27.3,4.33,0,0,0,0,0,5,1.51
Casa,25.6,2.56,1,0,3,5,0,5,5.6
Pequeño_establecimiento,21.6,1.16,3,1,1,1,0,9,6.26
Pequeño_establecimiento,22.0,2.09,3,1,3,1,0,8,6.64
Pequeño_establecimiento,25.1,0.69,0,2,2,2,3,18,15.29
Casa,29.5,2.17,2,2,3,4,3,16,21.94
Casa,29.7,0.57,3,1,3,3,2,6,14.82
Pequeño_establecimiento,14.8,5.45,3,2,0,2,0,14,5.76
Casa,24.0,8.44,4,1,3,0,0,5,7.09
Pequeño_establecimiento,21.5,1.08,1,2,0,4,0,18,6.31
Pequeño_establecimiento,34.4,1.6,2,0,0,4,0,18,7.96
Pequeño_establecimiento,27.7,4.89,1,2,1,1,0,15,4.41
Casa,24.9,0.86,2,0,2,4,0,15,8.76
Casa,13.2,3.16,3,0,2,5,2,18,13.36
Pequeño_establecimiento,27.0,2.23,4,2,2,4,2,9,15.59
Casa,13.3,0.55,1,1,0,0,0,3,3.44
Casa,19.4,3.17,3,0,2,5,0,14,9.87
Casa,14.0,1.53,2,0,0,5,0,17,8.41
Pequeño_establecimiento,29.4,1.67,1,2,1,2,0,17,4.67
Casa,15.8,0.16,1,1,2,4,0,7,7.37
Casa,21.0,1.72,3,1,0,1,1,5,9.89
Casa,35.1,3.99,1,2,2,2,2,4,14.59
Casa,15.7,3.46,4,1,2,1,0,7,7.95
Pequeño_establecimiento,24.2,0.54,4,2,1,4,0,5,8.8
Casa,21.7,2.28,3,2,3,2,0,19,9.36
Casa,10.5,4.45,2,2,2,4,0,7,7.06
Pequeño_establecimiento,32.2,2.18,3,0,1,0,1,6,9.27
Casa,11.9,0.28,4,0,2,2,0,10,7.4
Casa,23.3,1.56,0,0,2,1,0,12,4.72
Casa,25.7,3.83,0,2,2,0,0,7,2.51
Casa,27.6,1.81,1,0,2,3,0,17,6.59
Casa,29.3,1.68,1,0,3,1,2,20,11.78
Casa,17.1,1.32,0,0,3,4,0,12,7.29
Casa,10.3,3.28,4,2,2,1,0,16,10.35
Pequeño_establecimiento,30.3,2.13,1,2,2,3,2,10,12.93
Pequeño_establecimiento,25.0,1.14,3,2,1,1,1,20,10.24
Casa,33.4,1.47,3,0,1,0,0,20,6.95
Casa,33.0,6.22,4,1,0,5,3,10,22.18
Casa,33.6,0.8,1,0,3,1,2,5,13.16
Casa,23.6,0.52,3,0,2,2,0,11,7.84
Casa,19.3,0.12,1,2,3,3,0,10,7.22
Casa,32.2,0.31,1,2,1,1,3,20,19.66
Pequeño_establecimiento,22.6,1.56,3,0,3,3,1,16,10.24
Casa,15.1,3.2,0,0,3,5,0,20,7.49
Casa,33.9,5.09,3,1,2,0,3,3,20.14
Casa,34.7,1.26,4,1,2,2,1,11,13.38
Casa,23.1,1.39,2,2,1,4,0,20,8.99
Casa,12.1,2.36,3,1,2,1,0,18,8.98
Casa,20.9,1.35,1,1,1,0,0,3,4.15
Casa,32.5,1.84,1,2,1,3,3,20,20.13
Casa,35.2,2.13,3,1,0,5,3,18,22.58
Casa,15.7,3.29,2,0,0,3,0,19,7.04
Casa,11.9,0.75,3,1,0,5,0,18,10.46
Casa,34.6,1.45,2,2,3,5,3,3,19.87
Casa,20.9,3.32,2,0,0,0,0,20,6.57
Casa,25.2,1.07,4,1,2,1,1,2,10.97
Casa,37.1,1.04,1,0,2,4,3,12,19.26
Casa,11.9,0.36,1,0,0,1,0,11,4.45
Casa,28.2,2.14,2,1,3,2,1,6,10.98
Casa,12.1,2.24,1,1,1,1,0,17,6.28
Casa,20.5,0.84,0,2,3,5,0,6,6.68
Casa,32.5,0.12,2,2,3,5,3,13,20.88
Casa,22.1,1.62,1,0,1,2,0,5,3.29
Casa,37.9,7.28,0,2,1,3,0,7,4.32
Casa,25.7,2.97,4,0,1,5,0,20,11.85
Casa,19.0,1.54,1,0,2,2,0,10,5.53
Casa,16.2,2.01,0,2,1,5,0,13,6.01
Pequeño_establecimiento,19.8,1.32,3,2,1,4,0,16,9.0
Casa,20.4,0.42,3,2,3,5,0,17,10.83
Casa,11.9,1.44,0,1,3,0,0,14,4.37
Casa,20.3,1.22,2,0,0,2,0,8,4.27
Casa,23.0,1.18,2,0,3,1,0,5,6.51
Casa,30.2,0.96,1,0,1,2,1,12,9.6
Casa,28.4,1.2,3,2,2,3,2,9,17.33
Casa,29.8,0.47,2,2,3,5,2,7,15.3
Pequeño_establecimiento,10.2,0.66,2,2,3,2,0,11,6.22
Casa,16.1,3.25,3,2,1,4,0,8,9.0
Casa,28.5,3.32,4,2,3,2,1,8,13.08
Casa,23.6,3.82,2,1,3,4,0,5,8.91
Casa,10.1,0.27,0,2,1,5,0,4,4.95
Casa,32.5,0.29,1,0,3,1,0,8,4.94
Casa,31.6,2.28,2,2,2,5,0,5,7.65
Casa,25.4,1.45,2,0,0,3,3,14,17.42
Casa,11.9,2.95,4,2,3,0,0,18,10.25
Casa,31.5,1.3,0,2,2,1,0,8,5.32
Casa,26.3,1.48,1,0,3,1,0,18,8.59
Pequeño_establecimiento,31.9,0.41,2,0,0,0,1,5,6.78
Casa,31.0,0.69,1,0,1,2,2,12,13.84
Casa,32.5,1.85,3,0,0,5,1,4,11.84
Casa,24.5,2.99,2,1,3,2,0,12,6.94
Casa,13.9,5.48,2,0,0,2,0,4,4.21
Casa,28.8,1.62,3,2,0,5,0,13,11.36
Casa,27.4,1.41,4,2,1,3,0,2,9.64
Casa,30.8,2.43,2,1,3,1,3,5,17.2
Casa,14.8,3.25,1,0,0,4,0,15,7.0
Casa,15.5,1.17,0,2,0,0,0,2,0.79
Casa,34.9,1.82,1,1,1,1,3,15,17.95
Casa,31.0,1.58,4,2,2,2,0,14,9.47
Pequeño_establecimiento,35.4,0.51,0,1,3,0,1,14,8.65
Casa,31.2,1.36,1,1,2,4,0,16,8.68
Casa,26.7,0.46,1,0,2,1,1,18,9.88
Casa,28.3,1.05,3,1,1,1,3,13,18.72
Casa,34.9,0.47,4,2,1,3,0,15,9.88
Casa,26.2,0.16,3,2,3,1,2,13,15.43
Casa,27.7,1.69,0,0,2,1,0,19,3.78
Casa,14.4,1.2,3,0,0,4,0,5,6.49
Casa,23.3,0.44,4,1,2,4,0,15,10.87
Casa,30.1,0.13,2,0,1,0,0,20,7.02
Casa,17.6,0.81,2,2,0,2,0,14,7.56
Casa,15.7,3.43,0,2,0,4,0,19,5.27
Casa,18.8,0.85,2,0,1,0,0,12,4.4
Casa,16.8,0.05,3,0,0,1,0,7,6.08
Casa,16.0,2.61,0,0,2,0,0,10,2.6
Pequeño_establecimiento,21.9,0.74,4,1,1,0,0,13,7.9
Casa,35.4,0.76,0,1,3,0,3,20,16.72
Casa,24.2,0.43,0,2,1,5,0,15,8.16
Casa,15.3,0.42,1,1,3,0,0,16,6.06
Casa,12.2,1.14,1,1,3,4,0,12,7.17
Casa,29.5,0.97,0,1,1,5,2,7,11.62
Casa,20.7,2.4,2,1,1,2,0,15,6.19
Pequeño_establecimiento,33.0,0.95,1,2,3,0,0,4,3.32
Casa,28.5,3.03,4,0,3,3,3,20,20.97
Casa,32.3,2.1,3,2,0,1,2,12,14.03
Casa,17.6,4.52,1,1,1,1,0,18,7.01
Casa,29.4,1.5,0,0,1,5,0,18,5.58
Casa,17.4,5.32,2,0,0,1,0,4,5.16
Pequeño_establecimiento,36.3,0.68,3,0,1,1,0,15,7.05
Casa,27.8,0.8,1,2,0,5,0,8,5.36
Pequeño_establecimiento,19.1,1.89,2,0,0,1,0,20,5.49
Pequeño_establecimiento,17.5,1.15,2,2,1,0,0,4,3.05
Casa,15.3,4.04,2,2,2,2,0,3,6.69
Casa,29.4,1.88,0,1,3,5,3,18,18.05
Casa,16.1,2.16,4,1,1,3,0,10,9.49
Casa,26.7,2.94,2,0,2,5,0,7,7.18
Casa,17.4,2.16,3,0,0,4,0,10,9.24
Casa,28.5,2.61,1,1,2,3,1,6,8.91
Casa,32.8,0.6,3,2,1,4,1,3,11.08
Casa,31.8,2.61,0,2,1,5,2,16,13.71
Casa,31.3,2.99,0,1,2,4,1,10,7.75
Casa,15.3,1.96,3,2,1,3,0,20,9.28
Casa,12.5,3.56,4,1,3,0,0,11,8.04
Casa,29.6,2.48,0,1,2,5,0,5,6.01
Casa,20.3,2.21,0,0,0,5,0,11,5.78
Casa,22.1,2.13,3,0,2,1,0,9,7.45
Casa,10.9,1.43,0,1,2,5,0,14,7.29
Pequeño_establecimiento,17.3,3.74,4,0,2,5,0,8,8.42
Casa,10.9,0.65,4,1,2,0,0,8,8.36
Casa,34.6,1.56,4,2,0,1,2,5,15.07
Casa,16.8,2.02,1,2,0,2,0,16,5.74
Casa,25.6,1.99,4,2,0,4,0,13,10.63
Casa,11.1,0.87,4,2,2,3,0,17,10.51
Casa,28.7,0.76,1,1,3,2,3,7,17.41
Pequeño_establecimiento,19.0,0.39,2,2,3,1,2,10,10.14
Casa,35.1,0.19,0,2,0,0,2,4,11.44
Casa,34.9,1.07,4,2,3,3,2,9,18.39
Casa,19.1,1.41,0,2,3,4,0,8,5.97
Casa,35.2,0.93,3,1,3,5,2,5,17.38
Pequeño_establecimiento,37.9,1.97,0,2,3,5,3,14,18.7
Pequeño_establecimiento,33.1,2.76,1,0,3,2,0,20,7.38
Casa,33.7,2.43,0,0,1,4,0,8,5.99
Casa,17.0,2.99,0,0,0,1,0,11,2.93
Casa,26.1,1.48,0,0,2,4,0,13,5.48
Casa,11.9,0.57,2,0,3,0,0,4,5.32
Pequeño_establecimiento,12.7,0.18,2,0,1,2,0,13,6.27
Casa,38.0,4.7,3,1,2,2,2,20,19.15
Casa,19.1,0.54,1,0,1,0,1,16,8.17
Casa,30.9,3.9,0,2,3,4,0,9,5.77
Pequeño_establecimiento,32.6,0.92,0,0,3,0,1,13,7.26
Casa,34.0,1.27,0,1,3,3,0,7,5.17
Casa,37.9,1.28,0,0,3,0,3,11,15.72
Pequeño_establecimiento,16.8,2.85,2,2,2,4,0,3,7.17
Casa,11.1,0.41,3,2,2,0,2,14,9.51
Casa,21.5,6.42,4,1,1,1,0,8,9.11
Pequeño_establecimiento,13.6,0.62,1,1,0,5,0,9,5.86
Pequeño_establecimiento,10.6,2.38,0,1,3,0,0,17,2.24
Casa,20.1,0.84,3,1,1,5,0,12,8.76
Casa,31.9,1.46,4,0,1,0,3,5,17.21
Casa,25.9,0.7,3,0,1,4,0,18,10.92
Casa,18.8,0.85,2,2,3,3,0,17,8.05
Casa,28.3,3.61,4,1,3,3,1,20,15.5
Casa,16.5,3.02,3,1,1,5,0,12,10.35
Casa,10.4,0.52,2,0,3,4,0,8,7.66
Casa,31.4,1.14,3,1,1,4,2,14,16.44
Casa,27.5,2.07,3,2,2,4,1,20,14.33
Casa,31.3,1.25,4,2,3,1,1,18,14.34
Casa,11.1,1.28,2,1,2,2,0,14,8.18
Casa,33.4,2.2,0,2,0,0,2,13,10.79
Casa,27.3,1.63,1,2,3,4,2,8,14.46
Casa,25.8,1.63,4,0,0,4,0,2,9.62
Pequeño_establecimiento,27.5,0.68,2,2,1,4,0,2,5.73
Casa,34.2,1.36,3,1,3,3,3,15,21.27
Casa,26.4,1.72,2,1,3,4,1,16,11.76
Casa,26.3,1.69,1,2,3,0,0,12,5.03
Casa,37.7,3.18,1,1,0,4,3,10,18.49
Casa,31.2,1.68,0,0,0,0,2,18,10.66
Casa,22.4,3.26,0,2,1,1,0,5,3.77
Casa,29.8,2.37,1,2,2,2,0,20,7.71
Casa,20.9,0.42,4,2,2,3,0,8,9.57
Casa,16.4,1.27,4,1,0,0,0,2,5.23
Casa,26.7,5.11,3,1,3,5,0,10,10.3
Casa,36.0,2.69,0,2,2,1,3,14,16.08
Casa,36.0,1.89,3,1,2,2,2,3,15.83
Casa,19.6,2.33,0,1,0,2,0,3,3.17
Pequeño_establecimiento,24.8,0.44,1,2,1,2,0,16,5.16
Casa,15.9,0.56,4,2,0,0,0,18,9.48
Casa,37.9,0.48,4,1,0,1,2,14,17.34
Casa,37.5,2.22,1,2,3,4,3,8,19.85
Pequeño_establecimiento,28.2,5.12,3,2,0,5,3,10,19.17
Pequeño_establecimiento,32.5,2.52,3,2,3,1,2,13,15.16
Casa,30.0,1.4,2,2,1,1,0,4,5.34
Casa,26.6,1.89,0,1,3,1,0,16,5.93
Casa,11.5,0.49,3,2,1,0,0,8,7.37
Casa,22.7,2.46,1,0,1,5,0,2,5.36
Casa,28.9,0.49,3,2,1,0,3,15,16.59
Casa,29.0,0.35,4,0,0,5,0,20,11.51
Pequeño_establecimiento,20.4,0.58,0,2,3,5,0,17,6.83
Casa,36.4,1.94,2,0,2,0,3,11,17.33
Casa,14.7,1.95,0,0,0,5,0,2,3.56
Casa,24.0,2.47,4,2,1,1,3,6,16.57
Casa,29.3,0.43,4,2,2,0,3,4,18.89
Casa,29.5,2.3,4,2,0,5,3,18,24.17
Casa,28.2,6.01,4,0,2,2,0,19,11.07
Casa,17.7,1.41,1,1,1,0,0,20,4.44
Casa,14.4,1.61,2,1,2,3,0,19,8.18
Casa,27.8,0.9,4,2,2,0,2,17,16.07
Casa,26.8,3.74,4,1,1,0,0,3,7.61
Pequeño_establecimiento,15.0,2.42,3,1,2,0,0,16,6.22
Casa,29.7,1.88,2,2,0,5,0,14,9.05
Casa,22.7,2.02,0,0,2,0,2,14,8.75
Pequeño_establecimiento,28.7,2.68,2,2,3,3,0,17,8.31
Casa,33.4,2.15,2,1,0,4,1,9,11.37
Pequeño_establecimiento,14.8,0.73,2,0,2,0,0,12,6.58
Casa,10.5,1.35,4,1,3,2,0,9,10.31
Pequeño_establecimiento,31.8,2.94,4,0,3,3,3,11,21.69
Casa,27.1,0.91,1,1,3,4,2,2,11.77
Pequeño_establecimiento,29.6,0.69,0,2,2,5,3,13,16.0
Casa,33.5,1.32,3,1,1,0,3,10,19.4
Pequeño_establecimiento,32.5,0.38,2,1,3,4,0,6,5.78
Casa,36.9,3.93,0,0,1,2,1,10,9.0
Casa,25.0,2.34,0,1,0,3,0,17,5.39
Pequeño_establecimiento,23.7,0.42,1,2,1,3,0,19,7.16
Casa,21.3,3.78,3,2,1,5,0,9,9.87
Casa,14.3,2.42,2,2,1,5,0,12,8.68
Casa,26.0,1.24,3,0,1,5,0,20,10.2
Casa,17.8,1.19,1,0,1,4,0,5,4.98
Casa,35.8,3.58,4,1,0,0,1,11,11.37
Casa,26.3,2.09,0,1,0,1,0,14,4.64
Pequeño_establecimiento,26.6,1.69,2,1,1,3,0,15,7.28
Casa,19.9,2.01,4,0,1,1,1,3,10.77
Casa,11.5,1.66,1,0,3,3,0,5,5.26
Pequeño_establecimiento,10.9,1.7,3,1,0,5,0,8,8.71
Pequeño_establecimiento,21.9,2.0,0,0,2,0,0,20,3.36
Casa,12.4,1.83,2,0,0,0,0,18,6.52
Casa,27.0,0.5,4,2,2,3,1,17,15.22
Casa,34.7,3.13,4,2,3,4,0,14,13.04
Casa,34.7,3.97,0,1,1,5,0,19,7.69
Casa,28.5,1.76,3,1,3,0,1,13,11.42
Casa,15.9,3.48,1,2,1,0,0,2,4.19
Casa,34.2,2.67,3,0,0,2,2,16,17.34
Casa,34.8,1.6,3,1,1,0,3,4,19.18
Pequeño_establecimiento,15.5,1.61,3,1,2,2,0,7,6.47
Pequeño_establecimiento,30.6,3.74,0,1,2,0,0,15,3.64
Casa,18.0,2.33,0,0,3,0,0,7,4.28
Casa,32.5,3.98,1,2,0,4,3,2,18.78
Casa,37.9,0.44,3,1,2,4,1,7,13.0
Casa,10.8,1.28,0,2,3,5,0,9,5.59
Casa,35.1,0.57,1,2,0,0,0,16,3.7
Casa,27.4,2.79,1,0,0,5,0,15,7.64
Pequeño_establecimiento,37.3,0.3,3,0,3,5,0,17,8.31
Casa,23.0,1.16,2,0,2,5,2,17,14.76
Pequeño_establecimiento,33.7,3.44,3,0,2,5,1,20,14.58
Casa,11.7,2.74,2,0,3,3,0,2,6.41
Casa,19.4,4.52,1,0,2,3,0,5,4.2
Casa,11.9,1.19,0,1,3,0,0,11,2.96
Pequeño_establecimiento,37.3,1.4,4,2,2,3,0,19,9.44
Pequeño_establecimiento,32.9,1.4,1,0,2,0,0,3,2.56
Casa,33.9,1.12,0,1,3,4,2,5,14.51
Casa,36.3,2.18,1,2,3,1,1,16,10.69
Casa,12.4,0.32,3,0,2,2,0,5,9.02
Casa,20.8,3.96,2,0,3,3,0,17,9.17
Pequeño_establecimiento,12.0,3.18,1,1,2,3,0,16,6.21
Casa,15.9,0.41,0,2,1,4,0,19,6.52
Casa,16.4,0.52,3,0,0,3,0,8,7.16
Casa,23.1,2.18,4,2,0,0,1,16,11.58
Pequeño_establecimiento,17.5,1.64,3,1,2,0,3,12,12.87
Casa,12.8,6.4,2,0,0,1,0,20,7.06
Casa,14.7,2.87,3,2,2,1,0,9,7.38
Casa,14.1,0.64,4,1,3,1,0,2,7.36
Casa,37.2,0.12,0,1,1,0,3,4,16.5
Casa,31.3,1.89,1,0,0,5,3,6,17.85
Casa,37.1,2.2,2,2,0,5,2,19,17.78
Pequeño_establecimiento,22.3,1.67,4,0,3,1,0,13,8.67
Casa,17.8,1.27,2,0,1,1,0,13,7.14
Pequeño_establecimiento,32.4,2.45,3,2,1,0,1,20,10.88
Pequeño_establecimiento,19.1,0.56,2,2,1,4,0,10,6.8
Casa,18.4,1.08,4,2,3,3,0,12,10.04
Casa,16.5,0.97,1,1,0,2,0,18,6.1
Pequeño_establecimiento,13.6,1.95,1,1,0,5,0,17,5.95
Casa,17.2,1.03,2,2,1,5,0,5,6.99
Casa,19.9,2.3,0,1,3,0,0,11,2.67
Casa,28.9,1.64,2,0,3,0,2,16,15.04
Casa,11.8,5.03,3,2,3,2,0,20,9.63
Pequeño_establecimiento,15.9,0.85,1,0,1,2,0,4,3.87
Casa,32.7,3.12,1,2,3,1,0,6,5.4
Casa,14.1,0.21,1,0,1,2,0,12,5.84
Casa,19.6,3.8,0,2,1,3,0,6,2.92
Casa,34.2,0.87,0,0,1,3,0,8,3.88
Casa,14.3,3.82,4,2,2,5,0,7,11.67
Casa,12.3,2.53,2,2,1,3,0,14,9.43
Casa,23.6,3.28,2,1,3,3,0,3,6.62
Casa,18.5,1.21,3,0,2,3,0,20,9.4
Casa,25.8,2.05,1,1,0,1,0,12,5.74
Casa,32.5,0.29,0,0,0,5,2,6,13.0
Pequeño_establecimiento,13.8,0.8,3,1,3,0,0,10,6.47
Casa,26.3,0.59,3,2,3,5,0,7,9.79
Casa,24.2,4.23,0,1,3,5,0,18,6.85
Pequeño_establecimiento,14.0,2.99,2,1,3,5,0,20,8.47
Casa,27.5,7.3,1,2,2,2,0,9,5.99
Casa,17.7,1.68,2,1,3,0,0,8,6.26
Casa,23.7,4.28,3,2,1,2,0,6,7.91
Casa,12.3,1.75,1,0,0,1,0,16,4.57
Casa,22.9,0.38,4,1,3,1,0,11,10.34
Casa,18.6,0.94,3,2,1,4,0,17,8.64
Casa,33.0,3.37,2,2,3,4,2,10,16.98
Casa,11.6,2.01,2,1,1,1,0,8,5.48
Casa,21.7,5.26,2,0,2,1,0,12,5.75
Casa,22.8,1.88,0,1,0,2,3,10,11.8
Casa,30.3,0.81,3,2,0,1,0,18,6.99
Casa,26.1,2.42,1,0,2,0,0,10,4.78
Casa,28.7,1.05,2,1,1,2,0,4,7.22
Pequeño_establecimiento,31.8,1.18,2,2,3,1,1,9,9.24
Casa,34.1,4.25,0,1,1,2,2,20,15.65
Casa,18.8,0.58,1,0,0,2,0,17,5.05
Casa,25.1,1.33,3,0,2,3,0,8,7.82
Casa,33.5,1.7,4,0,2,4,3,8,23.23
Casa,37.7,0.58,0,0,1,2,3,14,16.0
Pequeño_establecimiento,34.9,1.5,3,0,1,5,1,4,11.36
Pequeño_establecimiento,20.4,2.18,4,1,2,2,0,13,10.09
Casa,15.5,1.34,2,0,0,5,0,9,6.54
Pequeño_establecimiento,23.7,3.53,2,0,3,3,0,14,7.45
Casa,30.8,1.77,1,2,3,1,3,17,18.28
Casa,23.8,5.93,4,0,1,2,3,8,15.52
Casa,23.5,4.56,2,2,2,3,1,5,9.4
Pequeño_establecimiento,33.5,1.66,2,2,2,0,2,13,15.66
Casa,20.1,1.58,1,2,2,3,0,18,7.64
Casa,34.1,2.83,3,1,0,4,0,2,7.9
Casa,21.4,0.08,2,1,1,4,1,18,11.32
Casa,19.2,0.88,0,2,1,1,0,3,4.79
Casa,22.7,0.91,0,1,1,5,0,7,4.61
Casa,31.3,5.4,3,0,0,1,3,13,18.04
Casa,13.5,1.02,4,1,1,5,0,12,10.7
Casa,15.5,1.02,1,0,3,5,0,12,7.98
Casa,36.6,0.91,0,0,1,5,1,19,10.86
Casa,14.9,1.01,0,1,1,5,0,9,5.78
Casa,25.9,0.76,3,1,1,4,0,8,8.17
Casa,26.2,1.52,4,2,0,4,2,15,17.38
Pequeño_establecimiento,23.7,3.59,4,1,3,2,0,17,7.98
Casa,28.1,1.48,3,1,3,4,0,13,9.37
Casa,16.4,0.93,0,1,2,1,0,10,3.39
Casa,25.5,1.75,1,0,2,4,0,17,6.46
Casa,20.4,3.06,0,0,3,1,0,20,3.88
Casa,28.5,2.0,4,0,1,0,0,17,8.83
Casa,14.0,1.62,0,2,1,4,0,10,5.84
Casa,26.0,1.1,1,2,1,1,1,14,9.15
Casa,15.2,0.94,2,2,0,5,0,6,8.37
Casa,17.8,3.23,0,0,1,3,0,20,6.59
Casa,16.1,4.19,3,1,0,5,0,11,7.54
Casa,15.1,7.48,2,2,3,2,0,8,7.76
Casa,33.1,1.03,3,2,1,1,3,10,19.87
Casa,18.0,1.3,3,0,1,5,3,15,16.08
Casa,36.0,1.57,3,2,2,4,3,16,22.5
Casa,37.2,0.71,0,1,3,4,0,14,5.89
Casa,26.0,1.62,4,0,1,0,2,11,14.58
Casa,14.0,0.41,2,0,0,3,0,15,6.42
Casa,20.5,1.92,1,1,3,1,0,13,6.79
Casa,32.3,4.2,4,1,2,5,0,20,11.65
Pequeño_establecimiento,20.3,1.84,0,1,3,3,0,7,2.36
Pequeño_establecimiento,12.4,0.91,3,2,0,0,0,13,6.25
Casa,25.6,1.08,1,1,2,2,0,14,5.29
Casa,33.7,0.64,2,0,0,3,1,9,9.64
Casa,32.3,1.72,4,1,3,0,0,17,10.04
Casa,14.9,0.69,4,0,2,1,0,3,8.51
Casa,28.8,0.69,1,0,0,2,0,8,4.57
Casa,16.2,0.76,0,2,3,4,0,13,4.85
Casa,16.1,1.8,2,1,0,0,0,8,5.54
Casa,34.5,1.3,1,2,1,4,2,20,15.96
Casa,17.0,4.22,3,1,3,2,0,15,10.15
Casa,17.4,0.57,2,1,2,0,0,10,7.52
Casa,10.0,4.43,4,1,2,0,0,19,8.23
Casa,34.4,4.1,1,1,1,2,0,12,7.67
Casa,32.2,1.48,4,1,0,1,3,17,19.62
Casa,27.6,1.01,4,0,0,0,0,20,8.27
Casa,31.0,1.15,4,0,2,2,3,12,21.47
Pequeño_establecimiento,14.3,0.66,0,1,0,3,0,19,3.95
Casa,22.8,1.63,4,0,3,4,0,12,9.99
Casa,19.8,2.17,3,2,3,0,0,5,5.73
Casa,12.6,2.65,3,2,2,3,0,19,8.91
Casa,23.6,2.31,2,2,3,0,0,20,7.05
Casa,35.8,1.85,4,1,2,1,2,14,18.27
Casa,11.1,1.84,4,1,0,2,0,5,9.49
Casa,18.2,0.52,1,0,0,0,3,11,9.73
Casa,15.8,2.02,0,0,0,2,0,6,2.9
Casa,16.7,3.69,2,0,1,5,0,4,6.38
Casa,35.4,6.47,4,2,2,0,0,17,8.22
Casa,23.1,1.17,1,2,3,1,0,9,4.46
Casa,23.1,2.9,0,2,0,1,3,8,10.67
Casa,31.3,1.37,2,2,1,3,3,20,19.99
Pequeño_establecimiento,14.3,2.67,2,0,3,1,0,15,5.6
Casa,23.6,1.01,4,1,3,2,3,16,18.49
Casa,22.0,1.2,2,1,3,5,2,18,15.23
Casa,26.7,0.89,1,2,0,1,0,2,3.87
Casa,38.0,1.94,2,1,3,0,1,7,9.12
Casa,31.5,0.27,3,1,2,1,1,16,12.97
Casa,21.1,1.78,1,1,1,5,0,13,5.69
Casa,33.2,2.95,0,2,3,2,1,3,7.7
Casa,14.8,0.18,0,0,3,0,0,6,4.5
Casa,10.9,4.3,4,0,2,3,0,10,9.87
Casa,15.7,0.24,4,1,3,3,0,15,9.31
Casa,19.5,2.75,3,0,0,3,0,19,7.61
Casa,24.3,1.05,0,0,0,0,2,9,8.11
Casa,27.2,2.83,0,2,0,3,0,3,3.47
Casa,35.5,1.24,0,2,3,1,1,10,9.33
Casa,24.3,2.47,0,1,1,0,0,8,3.91
Pequeño_establecimiento,24.0,1.18,2,1,1,0,0,19,5.32
Casa,11.4,0.82,1,1,3,0,0,17,5.81
Casa,11.0,0.82,1,2,1,4,0,6,5.39
Casa,25.4,2.52,3,0,1,2,3,16,17.32
Casa,22.3,1.21,2,2,3,4,0,6,7.2
Casa,33.5,2.47,0,2,0,4,3,12,17.74
Casa,14.5,2.63,0,0,3,4,0,15,5.7
Casa,10.7,2.64,4,0,0,2,0,20,10.2
Casa,22.6,0.92,4,1,0,4,3,4,17.9
Casa,16.6,1.06,3,0,1,3,0,11,9.26
Pequeño_establecimiento,11.4,2.64,0,0,1,0,0,7,1.67
Casa,30.3,0.35,3,0,0,0,0,4,6.07
Casa,13.1,2.54,2,0,0,1,0,3,4.36
Casa,27.0,3.57,1,1,1,5,3,14,16.51
Pequeño_establecimiento,17.9,1.27,0,1,2,3,0,19,4.04
Casa,14.9,3.78,2,0,0,2,0,3,5.55
Casa,20.6,1.9,0,0,0,5,0,16,4.28
Pequeño_establecimiento,32.4,2.38,4,1,0,0,2,6,14.87
Pequeño_establecimiento,21.0,1.51,3,1,1,4,0,16,8.28
Casa,31.0,0.98,4,0,3,1,0,18,9.63
Casa,13.5,1.97,1,2,0,1,0,3,4.6
Casa,31.6,1.11,4,1,0,0,3,19,18.91
Casa,16.6,2.85,0,1,0,3,0,16,4.99
Pequeño_establecimiento,29.0,1.18,4,1,3,5,1,4,14.2
Casa,25.8,2.07,0,0,3,1,0,6,3.39
Casa,36.0,1.85,1,0,0,0,0,12,3.08
Casa,20.8,0.05,4,1,0,3,0,10,8.97
Casa,11.9,2.14,3,0,2,0,0,6,7.47
Casa,10.5,2.93,3,0,3,0,0,2,5.63
Casa,33.2,0.36,3,1,2,3,0,15,8.02
Casa,24.7,1.82,4,0,0,3,1,6,11.1
Casa,31.7,2.24,4,2,0,3,3,9,19.84
Casa,16.6,1.78,4,0,0,0,3,15,11.99
Casa,19.7,1.34,0,0,0,1,0,17,4.64
Casa,10.8,1.27,1,1,1,2,0,7,5.93
Casa,36.9,0.49,3,1,1,2,3,9,20.55
Casa,28.7,0.93,0,2,1,0,3,3,13.79
Casa,36.1,4.99,3,0,2,0,1,20,11.93
Casa,17.4,2.56,0,2,3,1,0,10,5.68
Casa,27.1,1.37,4,2,0,3,0,6,8.52
Casa,29.0,1.07,3,1,3,0,0,6,6.97
Casa,18.9,3.63,4,0,1,4,0,20,10.33
Casa,33.7,0.99,3,1,0,3,0,5,6.33
Casa,36.5,3.11,2,2,0,0,2,17,14.25
Pequeño_establecimiento,34.8,0.4,0,2,2,4,3,17,19.9
Casa,30.7,1.44,2,1,3,5,2,17,18.28
Casa,17.8,3.9,0,1,2,1,0,8,4.43
Casa,17.9,1.02,1,1,1,4,0,19,7.19
Casa,37.0,0.75,3,1,3,0,3,2,18.61
Casa,10.3,1.53,1,1,1,2,0,4,6.1
Casa,30.0,3.28,1,2,2,0,3,9,15.82
Casa,29.8,3.31,0,1,2,2,3,2,15.06
Casa,27.4,1.35,2,0,0,1,2,8,11.52
Casa,37.7,1.3,4,2,3,1,2,8,17.24
Pequeño_establecimiento,18.7,2.96,0,2,3,3,0,9,5.1
Casa,19.5,2.79,4,0,0,3,1,20,11.89
Pequeño_establecimiento,12.2,2.23,1,0,3,2,0,18,6.04
Casa,22.4,0.53,4,2,1,2,0,12,8.98
Casa,17.3,3.45,2,1,1,1,0,16,7.28
Pequeño_establecimiento,19.6,3.03,0,2,2,4,3,10,11.08
Casa,33.4,0.43,2,2,1,2,2,18,17.43
Casa,36.2,2.56,2,0,3,2,1,12,11.35
Casa,15.2,3.75,0,2,0,4,0,7,5.46
Casa,20.4,0.88,2,1,2,3,0,10,7.43
Casa,36.0,0.78,3,0,0,3,2,19,16.8
Casa,11.7,0.14,3,2,2,2,0,3,8.02
Casa,12.6,1.63,3,2,2,3,0,5,9.22
Casa,14.6,1.82,4,1,0,3,0,19,9.17
Casa,26.7,3.42,2,2,1,5,0,2,7.54
Casa,14.2,1.64,0,2,1,3,0,12,5.15
Casa,37.1,1.29,0,2,1,1,3,4,15.93
Casa,22.5,1.83,4,2,1,0,0,9,9.26
Casa,24.0,1.31,0,1,0,2,0,6,4.12
Casa,16.9,2.61,3,2,3,2,0,6,9.15
Pequeño_establecimiento,23.2,1.0,2,2,2,1,0,12,6.15
Casa,28.5,0.26,0,2,0,0,0,13,3.21
Casa,31.0,2.21,0,0,1,0,1,10,4.83
Casa,31.1,1.25,1,1,1,1,0,14,6.56
Casa,26.2,0.08,1,0,0,4,0,4,3.18
Casa,35.3,1.46,1,0,2,4,1,14,12.41
Casa,32.9,2.09,2,1,0,0,2,12,14.22
Casa,31.2,3.99,3,0,0,4,1,12,13.91
Casa,11.6,3.24,3,0,3,4,0,8,9.17
Casa,10.2,3.07,3,0,0,4,0,18,9.66
Pequeño_establecimiento,15.9,0.73,2,1,3,0,0,17,5.94
Casa,28.6,2.67,2,2,2,4,0,15,8.86
Casa,21.5,0.72,1,1,0,2,0,2,3.61
Pequeño_establecimiento,21.3,2.13,0,1,0,5,0,12,4.6
Casa,34.8,0.81,4,1,1,0,2,14,16.17
Casa,35.1,0.72,4,0,0,1,0,2,7.08
Pequeño_establecimiento,35.5,0.33,0,2,1,4,1,3,7.8
Casa,18.8,3.4,1,1,1,3,0,10,5.93
Casa,29.3,0.97,0,1,1,0,2,14,10.76
Casa,17.6,1.54,0,2,2,1,0,6,3.33
Casa,15.3,4.64,4,2,3,5,0,10,11.85
Casa,15.2,1.22,1,2,1,2,0,14,6.43
Casa,19.6,1.92,2,0,0,1,0,6,5.34
Pequeño_establecimiento,22.0,0.59,4,2,0,4,0,16,8.97
Casa,33.3,1.77,2,0,1,3,0,8,7.2
Casa,13.4,0.46,1,1,1,4,0,15,6.44
Casa,30.6,1.12,0,0,0,1,0,17,3.62
Casa,24.9,2.57,3,2,1,0,0,7,6.81
Casa,18.1,1.98,3,0,3,3,0,3,8.78
Casa,23.8,0.19,1,2,3,3,0,17,6.67
Casa,18.4,1.13,3,0,2,1,0,20,7.81
Casa,26.7,1.66,2,1,1,5,1,6,9.31
Pequeño_establecimiento,22.1,2.24,3,0,2,5,1,5,10.82
Casa,14.6,0.06,1,1,2,4,2,15,10.72
Casa,13.3,0.18,1,2,2,1,0,7,5.48
Casa,25.3,1.94,2,1,1,3,0,9,7.3
Casa,35.3,1.83,3,2,2,1,2,4,16.13
Casa,19.6,1.9,3,2,3,3,0,5,8.6
Casa,30.5,0.35,0,1,2,4,0,2,4.02
Casa,28.4,1.48,4,1,3,0,0,3,8.0
Casa,36.1,1.1,1,0,3,0,3,14,18.09
Casa,33.0,2.02,0,0,1,1,3,10,15.31
Casa,25.9,0.58,1,1,2,3,2,13,12.9
Casa,28.4,1.94,0,1,1,0,3,11,12.59
Casa,35.2,1.23,4,1,3,3,1,11,13.41
Casa,21.2,1.25,0,1,0,4,0,19,4.7
Casa,19.2,1.12,1,2,2,1,0,13,6.09
Casa,10.3,1.24,3,1,1,3,3,17,15.24
Casa,33.1,2.08,1,1,0,1,1,7,7.19
Casa,32.4,2.05,2,1,2,3,2,11,15.6
Pequeño_establecimiento,12.9,0.48,2,1,2,5,0,16,8.53
Casa,26.2,5.21,2,2,1,5,3,10,17.52
Casa,23.0,1.06,2,0,0,3,0,3,7.04
Casa,13.3,4.36,4,0,1,4,0,19,9.71
Pequeño_establecimiento,37.5,2.46,3,0,2,1,3,13,18.94
Casa,16.0,0.24,3,0,2,2,0,4,4.85
Casa,11.9,4.87,1,0,3,3,0,8,6.34
Casa,26.7,3.03,0,2,2,3,2,10,11.14
Casa,30.7,1.29,1,0,2,5,0,9,5.3
Casa,10.9,2.36,1,2,0,0,0,7,4.52
Pequeño_establecimiento,28.4,0.48,1,2,0,5,0,2,4.81
Pequeño_establecimiento,24.9,0.83,1,0,3,1,0,15,4.65
Casa,12.9,1.12,3,0,3,5,0,17,11.44
Casa,14.8,1.57,0,0,3,2,0,17,4.82
Pequeño_establecimiento,25.9,0.61,1,1,1,4,0,5,5.37
Casa,18.3,2.44,3,2,1,2,0,7,8.37
Casa,36.3,0.27,1,0,3,4,2,16,15.39
Casa,32.9,1.82,2,1,1,2,0,9,6.54
Casa,37.5,2.44,1,2,2,5,2,2,16.2
Casa,17.3,6.57,1,1,3,2,0,14,5.72
Casa,37.2,2.11,4,1,3,5,3,19,25.15
Pequeño_establecimiento,22.1,0.67,2,0,1,5,0,19,8.03
Pequeño_establecimiento,19.7,0.98,0,2,0,1,3,14,11.1
Casa,11.4,1.09,1,1,3,5,0,15,8.12
Casa,11.5,3.79,0,2,1,0,0,12,4.29
Pequeño_establecimiento,29.4,2.97,2,0,1,2,1,8,7.44
Casa,22.8,5.34,1,2,0,3,0,19,5.26
Casa,16.3,2.31,4,1,3,3,0,5,8.71
Pequeño_establecimiento,27.2,3.38,3,1,0,3,1,18,10.93
Pequeño_establecimiento,17.1,0.33,4,2,2,0,2,20,12.44
Casa,26.2,1.4,4,1,0,5,0,15,11.72
Casa,20.1,4.26,3,1,0,2,0,11,7.36
Casa,33.1,2.16,3,1,1,4,3,7,20.64
Casa,33.0,2.96,3,0,0,4,0,19,9.49
Casa,23.4,0.73,1,0,2,1,1,5,6.68
Casa,19.8,2.71,0,1,1,0,0,12,3.48
Casa,20.2,1.84,0,2,2,2,0,14,6.12
Casa,32.6,0.76,3,0,0,5,1,9,12.9
Casa,19.2,1.63,4,2,2,3,3,11,17.4
Casa,15.9,3.32,2,1,2,0,0,12,6.46
Pequeño_establecimiento,12.4,0.51,3,1,0,0,0,4,6.15
Casa,23.1,1.89,4,2,0,2,0,16,8.88
Casa,23.5,4.07,4,0,1,5,0,9,12.18
Casa,33.5,2.01,1,2,1,1,0,19,7.08
Casa,16.2,2.42,1,2,3,5,0,2,7.78
Casa,20.7,2.48,0,1,1,1,3,9,11.97
Casa,32.6,0.08,0,0,0,1,1,4,7.29
Casa,33.1,2.2,2,2,2,3,0,2,5.71
Casa,20.8,4.84,2,0,2,3,0,17,7.13
Casa,22.9,2.4,2,1,1,2,3,10,15.36
Casa,18.5,1.17,2,0,1,5,0,18,9.32
Pequeño_establecimiento,36.1,0.5,4,1,0,1,2,17,17.12
Casa,13.3,1.77,4,0,2,2,0,7,8.78
Casa,36.1,2.02,0,2,3,1,1,8,7.47
Casa,29.1,0.15,1,1,3,0,0,17,5.8
Casa,24.9,1.46,1,2,1,4,3,9,16.1
Casa,10.9,2.8,3,1,3,4,0,11,9.37
Casa,23.3,5.71,4,0,0,1,0,15,8.6
Pequeño_establecimiento,21.4,2.02,2,0,3,2,0,12,6.26
Casa,14.5,3.6,2,1,1,3,0,3,5.89
Casa,28.4,0.81,3,1,0,5,0,13,8.76
Casa,37.2,1.61,1,1,2,1,2,14,15.74
Pequeño_establecimiento,25.7,0.64,2,0,0,1,3,16,15.81
Casa,30.0,1.59,1,1,1,5,2,13,15.45
Casa,11.9,1.36,3,1,1,3,0,14,9.16
Casa,21.7,0.83,1,2,3,1,3,9,12.56
Casa,13.3,2.09,1,1,3,0,0,17,6.6
Casa,27.2,0.98,1,2,2,3,0,4,6.67
Pequeño_establecimiento,36.3,4.86,2,2,2,0,3,14,17.88
Casa,28.5,1.5,0,2,1,4,0,13,5.01
Casa,12.2,2.7,4,0,1,5,0,20,11.84
Casa,19.9,1.86,1,2,1,3,0,3,6.21
Casa,25.4,0.48,1,1,2,3,1,2,7.82
Casa,21.3,0.31,1,0,1,2,0,9,5.5
Casa,33.3,2.75,0,0,2,2,1,10,7.64
Casa,32.8,4.26,3,0,1,5,2,9,16.08
Casa,27.1,1.81,2,0,0,3,0,18,7.72
Casa,20.5,1.71,0,0,0,4,0,10,4.05
Casa,17.1,2.22,1,0,1,1,0,7,4.68
Casa,13.0,1.2,0,0,0,5,0,16,4.63
Casa,19.9,4.97,0,2,2,5,0,14,6.09
Casa,21.6,1.4,0,1,3,2,0,13,6.03
Casa,28.9,2.25,3,1,0,4,1,14,13.08
Pequeño_establecimiento,28.4,1.23,4,2,3,5,2,8,17.36
Pequeño_establecimiento,12.0,3.66,2,2,0,4,0,19,7.32
Casa,21.1,0.65,3,0,2,5,0,15,10.01
Casa,15.1,0.27,3,0,0,2,0,12,7.36
Casa,14.4,0.8,4,2,0,1,0,15,10.97
Casa,33.2,4.99,3,0,1,2,1,18,12.87
Casa,11.2,1.45,0,1,3,5,0,3,4.9
Casa,21.7,1.08,0,1,3,4,0,20,6.99
Casa,14.7,4.11,1,0,2,0,0,17,4.0
Casa,34.6,2.5,3,0,2,2,0,11,6.5
Casa,25.6,2.67,1,0,3,4,1,9,10.92
Casa,16.5,1.32,2,1,1,2,0,6,6.39
Casa,24.1,0.3,0,0,1,5,0,8,4.9
Casa,30.5,0.95,2,2,3,4,2,14,16.37
Casa,36.8,0.55,4,0,0,1,1,17,12.92
Casa,16.2,4.55,0,2,3,4,0,6,5.67
Casa,34.8,0.74,2,0,0,3,3,17,20.84
Casa,36.2,0.98,4,0,3,0,3,16,22.03
Casa,35.7,1.2,2,1,0,5,2,10,15.84
Casa,27.8,1.51,4,2,1,4,0,13,9.26
Casa,27.6,3.48,4,2,3,5,0,9,10.48
Casa,21.3,2.7,0,2,2,2,0,14,5.89
Casa,31.1,1.3,1,1,0,2,0,6,5.92
Pequeño_establecimiento,24.9,3.79,4,2,1,4,0,15,9.2
Casa,29.0,2.48,4,1,2,3,0,17,9.87
Casa,22.0,2.06,0,0,1,4,0,12,4.89
Casa,30.5,1.17,1,0,0,1,3,13,17.3
Casa,33.1,4.86,3,2,3,3,2,16,18.12
Casa,14.1,1.49,3,0,1,5,0,13,8.85
Pequeño_establecimiento,33.3,1.07,1,0,3,4,3,10,17.72
Casa,25.1,3.12,2,2,3,5,0,2,7.62
Casa,33.7,1.04,0,0,1,0,1,4,6.96
Casa,22.1,6.45,1,2,1,3,2,13,13.35
Casa,20.6,2.62,3,2,1,4,0,14,9.68
Casa,35.6,1.21,4,0,3,0,3,7,21.4
Casa,17.0,4.5,3,0,2,4,0,11,7.94
Casa,33.6,1.28,4,0,0,1,1,11,14.1
Pequeño_establecimiento,23.6,2.77,0,0,2,2,0,17,3.07
Casa,24.4,0.69,4,0,3,5,0,2,10.91
Casa,18.6,4.47,1,1,1,4,0,17,7.56
Casa,26.0,0.5,4,0,1,3,0,5,7.69
Casa,19.1,2.49,2,1,0,4,0,7,7.66
Casa,11.1,6.2,1,2,0,4,0,20,7.58
Casa,17.6,2.2,0,0,2,4,0,3,3.73
Casa,10.2,1.45,1,0,2,4,0,19,7.59
Casa,37.4,2.27,2,0,0,3,1,11,9.56
Casa,37.0,6.43,0,2,3,3,3,5,17.09
Casa,21.1,2.59,3,1,2,4,3,2,14.87
Casa,30.4,1.56,2,1,1,2,3,16,18.3
Pequeño_establecimiento,19.7,5.61,0,0,1,4,2,11,7.34
Casa,28.8,1.06,4,0,3,5,2,19,17.52
Casa,32.6,1.87,1,0,0,5,0,17,6.56
Pequeño_establecimiento,36.5,0.93,0,0,2,3,3,14,16.73
Casa,21.2,3.67,1,2,1,5,0,16,7.14
Pequeño_establecimiento,31.9,2.7,4,0,0,5,0,3,8.53
Casa,17.4,0.97,0,2,2,1,0,5,4.26
Casa,37.7,0.72,3,0,3,4,2,2,15.88
Casa,10.7,3.68,2,1,1,4,0,8,8.52
Casa,26.9,1.1,0,1,3,4,1,12,9.08
Casa,28.5,0.24,4,0,3,4,0,11,11.99
Casa,29.3,2.77,0,0,3,0,3,2,13.08
Casa,13.4,2.69,1,2,2,4,0,12,6.34
Casa,36.3,1.83,0,0,3,3,2,11,14.52
Casa,15.1,3.25,3,0,2,3,0,15,8.17
Pequeño_establecimiento,27.4,2.29,0,0,2,0,1,15,7.11
Casa,16.2,3.37,2,1,3,4,2,8,11.8
Casa,18.6,2.09,0,2,3,2,0,12,4.9
Casa,25.3,0.46,1,1,0,4,0,5,4.94
Casa,21.7,0.89,0,2,1,3,0,3,4.09
Pequeño_establecimiento,14.5,1.67,3,1,0,1,0,8,6.35
Casa,14.8,1.7,4,0,1,5,0,20,11.47
Casa,21.7,1.15,0,1,1,1,0,15,5.53
Casa,31.2,0.83,0,1,0,2,2,20,11.8
Casa,35.1,0.25,2,2,0,4,1,8,11.44
Casa,12.4,2.25,3,2,1,0,0,13,8.34
Casa,21.0,2.11,4,1,1,4,1,4,10.84
Casa,12.8,1.33,1,2,1,2,0,16,7.25
Casa,10.5,1.34,0,2,2,2,0,6,4.34
Casa,28.5,4.58,4,2,1,5,0,9,10.77
Pequeño_establecimiento,26.9,1.01,1,2,3,2,2,15,12.1
Pequeño_establecimiento,14.6,1.06,3,2,3,1,0,5,5.63
Casa,16.5,5.01,3,1,3,5,0,8,9.65
Casa,10.7,1.44,4,2,0,4,0,8,9.32
Casa,33.4,2.2,1,0,0,4,2,19,16.36
Casa,37.3,1.36,3,1,0,0,1,15,11.72
Pequeño_establecimiento,13.8,2.79,4,1,1,2,0,9,7.96
Casa,16.5,1.56,3,1,3,2,0,13,9.86
Casa,34.3,6.46,3,2,1,3,2,11,17.0
Casa,35.9,3.83,3,0,2,5,0,15,10.56
Casa,21.7,1.85,2,2,2,3,2,10,13.75
Casa,11.4,1.11,1,1,0,5,0,7,6.07
Casa,11.1,1.33,4,1,2,1,0,6,8.72
Casa,26.1,1.74,4,1,3,5,0,2,9.84
Casa,21.0,3.49,1,1,2,4,0,2,6.71
Casa,10.8,1.92,1,2,0,0,0,18,5.34
Casa,26.3,1.2,1,0,1,5,3,12,17.51
Casa,10.3,2.09,1,0,2,5,0,13,7.52
Casa,32.0,2.4,0,1,3,5,1,4,11.57
Casa,18.6,0.92,4,0,3,0,3,7,13.95
Casa,11.1,2.33,0,1,3,2,0,12,5.78
Casa,26.5,1.95,3,1,1,0,1,14,10.48
Casa,21.1,5.01,3,0,3,2,0,12,8.26
Casa,37.3,0.74,4,1,0,4,2,9,16.43
Pequeño_establecimiento,25.2,2.93,3,0,0,0,0,11,5.48
Casa,17.7,1.51,1,1,3,2,0,3,4.43
Casa,29.9,2.99,0,0,2,4,1,15,9.28
Casa,17.6,1.88,1,1,3,4,0,17,7.14
Casa,35.3,4.12,3,0,0,2,1,18,11.78
Casa,20.5,0.93,0,1,0,2,0,12,3.33
Casa,25.4,2.99,1,1,0,1,0,3,2.96
Casa,11.4,4.03,4,1,2,4,0,6,8.6
Casa,21.9,4.74,1,0,2,2,0,17,6.64
Casa,33.3,5.9,3,2,2,4,1,17,14.32
Casa,32.6,2.96,0,1,0,0,3,3,14.61
Casa,16.3,2.9,4,1,1,3,0,17,10.08
Casa,16.3,0.35,0,0,3,3,0,6,4.09
Casa,32.9,0.36,4,1,3,5,0,9,10.96
Casa,36.1,3.66,0,1,0,2,0,15,5.11
Casa,12.7,0.39,3,1,2,2,0,11,8.51
Casa,22.6,8.69,4,1,1,4,0,3,9.22
Casa,19.4,2.49,2,2,1,5,0,4,8.21
Casa,34.4,0.58,0,2,2,2,0,19,5.88
Casa,12.3,1.55,0,1,3,4,0,3,4.54
Casa,15.9,1.58,1,1,3,2,0,10,6.78
Casa,31.1,2.44,4,1,1,4,3,3,19.56
Casa,11.4,2.79,2,2,1,2,0,8,5.52
Casa,23.8,4.3,3,2,2,1,0,8,7.64
Casa,22.4,0.59,1,0,3,4,0,15,7.47
Pequeño_establecimiento,19.4,1.38,2,0,1,1,2,6,9.13
Casa,21.0,0.64,4,1,3,1,0,9,8.77
Pequeño_establecimiento,24.8,1.7,2,1,1,1,0,19,7.31
Casa,14.5,1.45,0,2,2,1,0,7,2.74
Casa,26.0,0.7,0,1,3,0,3,15,13.92
Casa,32.6,0.55,1,1,1,5,2,19,16.59
Pequeño_establecimiento,31.3,6.83,4,2,1,3,3,18,22.29
Casa,14.3,2.15,4,2,1,0,0,10,9.37
Casa,14.2,1.12,2,2,1,2,0,14,6.5
Casa,17.5,0.75,1,2,2,2,0,17,7.13
Casa,20.1,5.04,4,0,3,5,3,11,17.91
Casa,21.4,1.16,0,2,3,3,1,11,8.23
Casa,29.0,3.59,2,2,0,3,2,5,14.43
Casa,11.6,2.5,3,1,3,3,0,13,10.83
Casa,11.0,1.72,0,1,0,1,0,9,3.54
Pequeño_establecimiento,21.0,0.62,1,1,1,0,0,16,2.58
Pequeño_establecimiento,29.5,0.93,4,0,2,2,1,20,11.54
Casa,15.4,8.44,0,2,2,0,0,16,4.48
Casa,28.0,1.84,3,2,1,0,0,9,7.78
Pequeño_establecimiento,17.3,2.97,3,0,0,0,0,9,4.55
Casa,34.8,1.86,1,2,1,3,3,20,19.73
Casa,35.1,4.3,0,1,2,5,0,10,7.34
Pequeño_establecimiento,18.3,0.97,2,0,2,5,0,18,7.84
Casa,16.4,1.47,0,2,3,3,2,9,10.63
Casa,21.5,1.38,3,0,0,2,1,13,9.85
Casa,16.7,2.46,1,0,3,2,1,16,9.15
Pequeño_establecimiento,28.8,5.32,1,2,2,2,0,5,4.46
Pequeño_establecimiento,33.1,1.11,2,1,2,5,2,7,15.8
Pequeño_establecimiento,28.8,2.07,1,2,3,5,0,17,9.25
Casa,33.1,3.92,1,2,3,0,0,6,5.16
Pequeño_establecimiento,21.1,0.94,1,1,2,3,0,14,6.74
Casa,14.4,4.0,1,2,3,1,0,16,5.8
Casa,30.7,3.14,1,2,3,0,2,18,12.98
Casa,20.1,0.54,3,2,0,4,0,6,7.01
Casa,28.8,1.45,0,0,2,5,3,20,16.61
Casa,17.6,1.45,4,0,1,0,0,8,8.77
Casa,12.3,1.5,1,0,0,3,0,4,4.95
Casa,37.8,0.85,4,2,1,4,0,14,10.57
Casa,14.4,1.21,4,1,3,0,0,15,9.41
Casa,37.7,2.15,3,0,3,3,3,17,22.56
Casa,37.4,7.28,1,1,1,3,0,14,7.05
Casa,32.2,2.61,4,2,3,5,1,3,14.66
Casa,28.5,4.57,1,0,3,1,1,15,10.45
Casa,26.2,2.57,2,2,0,0,2,8,10.88
Casa,34.3,1.03,2,1,1,3,2,6,14.71
Casa,18.1,4.09,2,0,0,2,0,15,7.64
Casa,23.1,2.44,4,0,1,3,3,10,18.29
Casa,27.3,4.23,2,0,0,1,2,11,12.59
Pequeño_establecimiento,21.5,1.19,3,0,2,3,0,8,6.73
Casa,22.0,0.82,3,1,2,5,1,15,13.48
Casa,19.2,1.99,4,0,1,0,0,15,7.67
Casa,25.8,3.43,1,2,2,5,2,3,13.79
Pequeño_establecimiento,33.8,0.78,0,0,0,0,2,18,12.15
Casa,15.6,0.88,1,1,1,4,0,5,5.39
Pequeño_establecimiento,36.2,4.72,1,0,2,0,0,14,6.05
Casa,29.3,0.89,1,1,2,4,3,19,17.68
Pequeño_establecimiento,33.1,0.83,1,1,1,5,1,4,9.12
Casa,25.6,2.61,0,2,2,2,2,20,11.97
Pequeño_establecimiento,31.8,1.22,2,0,2,1,2,6,12.38
Casa,10.5,1.44,1,0,1,2,0,2,5.38
Casa,32.9,1.79,3,0,2,4,3,10,21.3
Casa,11.1,0.46,4,2,2,3,0,9,9.31
Casa,34.9,0.37,4,2,2,3,1,4,13.63
Casa,37.8,2.35,3,1,2,2,3,3,20.32
Pequeño_establecimiento,18.2,1.1,1,1,3,3,0,2,5.01
Pequeño_establecimiento,15.9,3.68,0,1,1,4,2,13,9.23
Casa,31.4,1.87,2,2,3,5,0,14,9.55
Casa,17.1,0.99,4,2,3,1,0,11,10.16
Casa,34.2,5.38,2,2,0,0,0,18,6.45
Casa,12.9,1.19,0,1,3,4,0,12,5.57
Casa,13.5,1.17,4,2,3,4,0,6,9.51
Casa,37.4,0.51,2,1,0,0,3,10,19.08
Casa,28.9,1.05,0,1,2,0,2,14,9.82
Casa,33.7,1.59,2,0,2,1,1,12,10.76
Casa,19.1,0.48,1,0,3,1,0,5,5.03
Casa,28.9,0.85,0,0,0,1,0,12,2.66
Casa,26.6,4.27,2,1,2,3,0,10,8.17
Casa,26.9,0.84,1,0,0,4,1,8,7.82
Pequeño_establecimiento,29.1,1.18,1,0,1,5,0,17,6.08
Casa,26.1,2.39,0,0,1,0,0,6,3.29
Casa,22.0,2.55,3,2,1,4,0,7,7.7
Casa,17.7,1.29,4,1,1,4,0,20,11.9
Casa,31.5,3.52,0,0,3,1,0,2,4.03
Pequeño_establecimiento,16.3,3.74,1,2,1,1,0,17,5.9
Casa,29.4,1.0,1,2,1,4,1,19,11.64
Casa,16.5,0.65,0,2,0,1,0,14,3.51
Casa,27.5,0.83,3,0,2,3,0,2,6.65
Pequeño_establecimiento,30.9,2.47,4,2,0,0,0,11,6.72
Pequeño_establecimiento,16.1,1.03,2,1,3,4,0,8,4.56
Casa,11.7,1.05,0,2,1,0,3,6,8.5
Casa,13.7,1.67,4,2,2,3,0,14,10.49
Casa,27.0,1.16,4,2,2,1,2,17,16.5
Pequeño_establecimiento,33.8,2.65,1,2,1,2,1,15,9.24
Casa,11.3,1.09,2,1,1,3,0,12,7.53
Pequeño_establecimiento,30.6,3.47,0,0,3,2,2,20,12.3
Casa,19.6,3.31,1,1,3,0,0,3,3.04
Casa,23.4,3.36,1,1,1,4,0,9,6.55
Casa,36.0,1.26,3,0,1,1,0,14,7.56
Casa,19.3,1.45,4,2,1,3,0,8,8.18
Casa,23.0,5.51,0,0,1,1,1,13,7.31
Casa,10.4,1.43,0,0,2,2,0,9,3.94
Casa,12.3,1.2,0,1,3,2,0,17,6.2
Casa,17.2,2.03,1,0,1,5,0,19,7.74
Casa,10.8,2.91,3,2,1,4,0,20,8.88
Casa,27.7,3.81,2,1,2,2,1,5,9.89
Pequeño_establecimiento,21.9,0.86,1,2,0,4,0,13,6.16
Pequeño_establecimiento,25.3,0.81,2,1,1,5,1,17,11.96
Pequeño_establecimiento,14.9,0.17,3,2,2,3,0,18,9.6
Pequeño_establecimiento,18.3,3.03,4,0,2,5,0,5,9.96
Casa,28.6,2.74,0,0,0,4,3,10,15.66
Casa,37.0,1.75,2,0,3,2,2,6,14.45
Casa,11.4,1.85,1,2,3,0,0,18,5.89
Casa,34.9,1.37,2,1,3,4,2,18,18.32
Casa,26.2,3.97,4,1,1,1,0,3,7.4
Casa,25.8,1.77,0,1,3,0,0,3,3.43
Casa,24.0,3.84,2,0,1,4,0,8,8.53
Casa,11.9,1.55,4,2,1,1,0,5,7.71
Casa,12.5,0.9,1,1,2,5,0,14,8.31
Casa,26.8,0.61,3,2,3,0,0,12,7.3
Casa,19.5,1.53,1,1,3,4,0,4,6.8
Casa,35.7,1.81,0,0,3,3,1,3,9.71
Pequeño_establecimiento,21.4,1.14,1,2,1,5,0,17,8.11
Casa,14.0,1.12,1,1,1,1,0,4,3.92
Casa,30.0,0.57,1,1,3,3,3,16,19.45
Pequeño_establecimiento,18.2,2.55,1,1,1,2,0,18,5.23
Pequeño_establecimiento,24.7,2.85,0,1,1,5,0,17,7.42
Pequeño_establecimiento,29.5,2.79,4,0,0,5,0,8,8.79
Casa,35.2,3.78,2,1,0,4,3,17,21.2
Casa,32.2,3.05,3,1,3,4,3,6,21.25
Casa,28.9,1.87,2,0,3,1,2,3,11.78
Casa,29.0,3.9,2,1,0,5,1,2,11.5
Casa,36.5,0.6,3,2,1,4,0,14,9.76
Casa,18.3,3.66,0,2,1,2,0,17,4.9
Casa,10.0,1.5,3,1,2,4,0,6,8.07
Casa,17.6,1.41,0,0,3,5,0,4,4.9
Casa,16.1,3.69,2,0,3,0,0,16,6.66
Casa,28.5,0.72,0,0,3,3,0,17,5.09
Casa,27.7,0.43,4,1,2,5,3,12,20.46
Casa,26.6,1.31,3,1,2,2,0,20,7.97
Casa,10.5,3.62,4,2,1,5,0,19,11.23
Pequeño_establecimiento,30.4,0.82,2,0,0,2,3,10,17.27
Casa,19.1,0.68,3,1,0,5,0,9,9.89
Casa,28.6,2.87,2,1,0,3,1,20,11.72
Casa,25.6,1.15,4,1,1,3,0,6,10.76
Casa,19.6,1.38,2,0,0,2,0,18,8.03
Casa,13.8,5.3,3,0,2,5,0,6,9.27
Casa,12.6,0.89,3,2,2,3,0,15,9.93
Casa,33.3,0.78,2,0,3,1,2,8,14.47
Casa,35.7,0.93,3,1,0,5,1,10,12.2
Pequeño_establecimiento,28.2,0.4,3,2,2,3,3,18,18.86
Casa,12.9,0.81,2,0,3,0,0,4,3.2
Casa,21.3,3.3,4,0,0,0,0,9,6.5
Pequeño_establecimiento,30.4,2.01,3,0,0,1,0,14,7.39
Pequeño_establecimiento,31.8,5.3,3,0,2,3,3,17,19.92
Casa,13.3,1.58,3,1,3,0,0,11,6.72
Casa,10.0,1.95,3,0,3,5,0,19,11.2
Casa,29.9,1.21,2,1,2,4,0,4,7.71
Casa,20.0,3.31,4,1,2,3,0,13,11.44
Casa,17.1,5.3,4,1,2,1,0,17,11.11
Casa,10.4,2.2,0,2,0,3,0,19,6.4
Casa,25.1,0.65,3,1,2,2,0,18,7.9
Pequeño_establecimiento,33.8,3.12,3,0,2,2,2,8,16.75
Pequeño_establecimiento,36.8,1.95,0,2,1,0,3,20,17.26
Casa,25.8,0.23,4,0,2,2,0,9,9.66
Casa,24.4,0.82,1,1,2,1,0,18,6.2
Casa,12.4,2.66,1,0,0,0,0,8,2.42
Casa,25.4,3.71,4,2,3,1,0,2,7.99
Casa,20.6,1.92,3,2,0,5,0,9,9.14
Casa,27.0,2.72,1,0,1,1,0,20,5.58
Casa,20.9,6.02,2,0,2,2,0,11,7.69
Casa,16.7,3.9,2,0,2,5,0,13,8.5
Casa,12.7,0.59,0,2,2,2,0,2,3.22
Casa,18.8,3.68,4,1,2,1,0,5,8.65
Casa,12.7,1.46,4,0,2,2,0,5,7.84
Casa,15.0,0.52,1,1,2,2,0,10,4.44
Pequeño_establecimiento,37.6,2.94,3,2,1,2,2,16,16.55
Casa,22.4,0.33,4,0,2,3,2,16,15.57
Casa,24.9,2.68,1,0,2,5,0,8,6.89
Casa,34.5,1.38,1,2,2,5,1,13,13.12
Casa,37.9,1.97,4,0,1,5,2,4,18.1
Casa,26.3,4.41,1,1,2,1,1,10,8.86
Casa,32.7,1.63,0,2,1,4,0,15,6.11
Casa,19.2,0.84,0,2,0,1,0,14,4.83
Casa,18.6,1.46,4,0,2,5,0,13,9.25
Pequeño_establecimiento,21.3,2.1,3,2,3,0,0,2,5.12
Casa,28.8,0.67,0,0,1,2,0,20,4.89
Casa,29.1,1.42,0,0,0,2,3,17,14.73
Pequeño_establecimiento,18.8,3.18,4,2,1,4,0,13,9.03
Casa,13.7,3.27,2,0,1,0,0,11,5.45
Pequeño_establecimiento,27.7,3.69,1,1,0,3,0,3,3.7
Casa,13.6,1.54,0,1,2,1,0,19,5.06
Casa,26.2,1.28,2,0,2,3,3,14,17.28
Casa,29.4,2.81,3,1,1,0,0,7,6.89
Casa,29.6,4.48,2,0,0,4,0,13,6.84
Casa,31.1,2.76,4,1,2,0,2,5,14.9
Casa,34.4,1.61,3,2,1,4,2,2,17.2
Casa,24.0,0.35,3,0,3,3,0,12,8.19
Casa,30.4,4.08,2,0,0,3,0,9,5.83
Casa,27.3,2.06,4,0,3,0,3,3,16.81
Pequeño_establecimiento,15.2,0.97,0,0,3,0,0,3,1.6
Pequeño_establecimiento,10.7,2.52,2,0,1,2,0,17,7.04
Pequeño_establecimiento,18.0,2.25,0,0,0,4,0,2,3.16
Casa,22.4,2.31,2,2,2,2,3,5,13.86
Casa,27.3,0.64,0,2,2,1,3,7,15.26
Casa,33.8,2.31,2,1,1,1,2,15,14.46
Casa,15.5,1.1,3,0,2,0,0,16,6.32
Casa,13.5,3.29,1,1,2,3,0,8,7.47
Casa,37.0,0.74,3,1,3,1,3,8,19.52
Casa,13.0,2.3,0,2,3,1,0,19,5.59
Casa,23.4,0.68,4,1,0,2,0,3,7.8
Casa,26.4,1.86,3,2,3,2,0,16,9.89
Casa,25.2,1.48,1,1,2,1,3,2,11.87
Casa,12.4,4.31,0,0,0,0,0,18,3.42
Pequeño_establecimiento,11.6,2.84,3,1,0,2,0,14,6.74
Casa,13.0,1.31,2,2,1,1,0,13,7.89
Casa,26.4,1.01,4,2,3,3,0,16,10.69
Casa,25.2,0.46,0,2,0,2,0,6,3.46
Casa,16.5,1.41,3,1,2,1,0,8,8.02
Casa,27.9,0.99,0,1,0,4,3,9,15.34
Casa,33.0,3.24,2,2,0,2,3,15,18.71
Casa,11.2,3.27,1,0,1,4,0,5,5.94
Casa,23.9,1.87,3,0,2,2,0,15,7.91
Casa,29.3,0.9,0,1,2,2,3,11,15.96
Casa,17.1,1.68,0,1,3,5,0,17,7.06
Pequeño_establecimiento,18.6,2.53,0,2,2,5,0,12,4.53
Casa,27.2,2.9,1,1,0,4,0,15,5.04
Casa,35.1,3.89,0,1,2,0,2,15,12.17
Pequeño_establecimiento,32.7,8.24,4,2,2,1,0,3,6.63
Casa,26.3,1.49,4,2,0,0,0,14,8.29
Casa,30.4,2.7,0,1,1,0,1,4,6.18
Casa,20.2,0.6,4,0,3,5,0,19,10.45
Casa,27.9,1.04,3,1,3,1,0,5,6.77
Pequeño_establecimiento,23.1,1.38,4,0,1,5,0,20,10.4
Casa,15.3,3.21,0,0,0,5,0,17,6.12
Pequeño_establecimiento,29.6,6.05,2,0,3,5,2,5,14.71
Casa,25.6,1.74,3,2,1,3,3,20,19.78
Casa,20.0,1.08,1,2,1,0,0,16,5.23
Casa,35.5,1.64,0,2,1,0,0,2,2.42
Casa,10.6,1.28,1,1,3,0,0,17,5.51
Casa,18.8,1.56,2,2,3,3,0,16,9.24
Pequeño_establecimiento,11.6,3.32,1,2,3,2,0,17,5.83
Casa,31.5,1.19,0,1,3,4,1,2,7.95
Pequeño_establecimiento,29.7,1.6,0,1,2,4,0,18,4.18
Casa,19.3,4.01,2,0,1,3,0,6,5.66
Pequeño_establecimiento,28.9,2.14,0,1,2,0,3,6,12.35
Casa,21.1,1.47,2,1,1,4,0,8,8.19
Casa,31.2,1.68,2,2,3,3,3,14,19.9
Casa,22.7,0.51,0,0,3,5,0,13,6.55
Casa,21.5,0.05,4,0,2,1,0,5,8.0
Casa,36.2,0.85,2,1,0,4,2,5,16.09
Casa,17.0,3.38,0,2,3,1,0,7,4.65
Casa,13.4,3.94,4,2,0,0,0,16,8.71
Pequeño_establecimiento,26.4,1.01,2,2,1,4,2,20,13.97
Casa,37.1,0.42,4,2,2,3,1,7,12.89
Casa,20.6,3.44,3,1,0,2,3,13,16.49
Casa,11.7,0.94,3,2,0,4,0,15,10.04
Casa,19.5,1.33,4,0,3,4,2,19,15.88
Casa,24.2,2.92,2,0,0,4,0,13,8.9
Casa,14.5,0.28,0,1,0,4,0,16,5.66
Casa,28.4,0.78,1,2,1,3,3,20,17.04
Casa,37.9,0.43,0,2,2,3,0,9,6.16
Casa,22.6,1.02,1,2,3,2,0,10,5.28
Casa,19.9,2.89,1,2,3,3,0,6,6.0
Casa,21.2,4.81,2,1,0,3,3,6,12.9
Casa,13.2,1.96,4,2,1,0,0,7,7.3
Casa,34.7,2.9,0,1,0,0,3,4,14.87
Casa,21.6,0.3,4,2,0,1,0,6,8.29
Casa,20.8,1.96,3,2,3,2,0,2,6.86
Casa,28.5,1.53,2,0,0,0,1,12,10.23
Casa,22.4,2.65,2,1,0,2,0,2,3.72
Casa,28.2,2.89,3,0,1,2,0,8,7.46
Casa,11.7,0.39,0,1,3,4,0,16,6.69
Casa,32.8,1.2,3,2,2,5,3,18,23.08
Casa,36.3,3.5,0,2,1,5,1,9,10.74
Casa,28.2,1.83,1,1,1,5,0,3,3.67
Pequeño_establecimiento,36.7,0.22,2,0,1,2,1,14,9.42
Casa,14.2,1.05,0,1,3,4,0,13,6.33
Casa,23.4,0.27,4,1,0,1,2,6,14.7
Casa,26.9,3.38,4,2,2,1,0,14,9.11
Casa,26.3,2.25,2,0,3,5,0,7,7.99
Casa,21.2,1.39,3,1,0,1,0,16,8.35
Pequeño_establecimiento,19.5,1.25,3,0,1,4,3,12,13.7
Casa,13.6,3.7,0,0,3,5,0,5,5.52
Casa,21.0,1.38,3,1,0,4,0,2,7.51
Casa,14.6,2.51,2,0,2,1,0,16,6.43
Casa,30.6,1.36,0,2,2,5,0,13,7.06
Casa,15.8,4.34,1,2,0,4,0,10,8.13
Casa,11.6,3.6,3,2,3,3,0,12,9.58
Casa,25.5,0.69,3,2,1,3,3,6,15.5
Casa,26.7,1.91,0,0,0,4,3,8,13.4
Casa,34.4,3.31,4,2,1,4,0,9,11.36
Casa,26.2,5.91,3,1,2,0,2,2,12.29
Casa,19.7,0.42,2,2,0,0,3,2,10.6
Casa,32.5,1.24,3,1,2,2,1,4,12.0
Casa,25.1,0.73,1,1,1,5,2,9,12.33
Casa,12.2,1.11,3,2,1,2,0,12,8.37
Casa,25.8,2.19,4,2,0,2,0,2,7.13
Casa,35.4,0.77,3,0,0,1,0,15,7.07
Casa,21.1,2.61,0,1,0,3,0,2,3.47
Casa,18.3,1.14,3,2,2,1,2,7,11.7
Casa,14.0,1.88,4,0,1,5,0,7,10.24
Casa,14.2,1.49,0,2,1,4,0,4,4.94
Casa,22.1,1.25,2,2,2,0,0,11,5.51
Casa,26.7,1.08,0,2,0,5,0,13,7.41
Casa,12.3,2.2,1,1,3,4,0,11,7.04
Pequeño_establecimiento,36.3,0.86,0,2,0,5,2,3,11.1
Casa,31.1,1.51,2,0,3,4,0,14,6.7
Casa,26.4,2.67,3,2,3,0,3,17,18.12
Casa,33.2,2.07,0,2,2,4,1,14,9.59
Pequeño_establecimiento,12.2,1.41,0,0,1,2,0,5,2.86
Casa,23.4,0.28,0,0,1,5,0,5,4.94
Casa,27.6,3.75,0,1,1,0,0,12,6.64
Casa,33.2,1.05,2,1,1,4,3,15,19.41
Casa,31.9,3.88,4,1,2,2,3,4,21.14
Casa,17.8,1.43,4,1,3,2,0,20,9.98
Pequeño_establecimiento,36.3,2.18,0,0,1,3,1,2,7.36
Casa,13.5,4.89,2,2,3,2,0,6,8.16
Casa,34.5,3.38,2,2,2,1,2,18,15.7
Casa,37.2,1.33,0,2,0,0,0,2,1.66
Casa,15.0,2.15,1,1,2,0,0,20,5.82
Casa,30.2,1.87,0,0,1,0,3,20,14.6
Casa,11.1,2.57,1,0,0,4,0,5,6.59
Casa,21.4,3.16,0,0,2,5,0,20,6.84
Casa,24.5,0.31,1,2,2,4,0,7,6.99
Casa,26.3,6.05,1,1,3,1,3,16,16.12
Casa,36.2,1.41,0,0,2,5,1,5,10.07
Pequeño_establecimiento,28.8,3.52,1,1,0,2,1,2,6.31
Casa,23.5,2.53,3,0,2,4,0,18,10.47
Pequeño_establecimiento,32.7,6.12,4,1,1,5,2,12,18.81
Casa,36.6,2.1,2,0,3,2,1,18,12.0
Casa,10.6,2.71,1,1,0,5,0,2,4.62
Casa,37.5,0.49,1,0,0,2,3,10,18.47
Casa,12.4,2.0,2,0,2,5,0,15,8.94
Casa,32.8,3.64,1,1,1,4,2,16,15.18
Casa,17.8,2.41,2,1,3,4,0,2,7.83
Casa,13.7,0.63,0,2,0,1,0,3,4.0
Casa,22.3,3.92,3,1,3,3,0,19,9.85
Pequeño_establecimiento,28.0,7.5,3,0,2,0,2,19,14.74
Pequeño_establecimiento,20.7,1.4,4,0,1,4,0,7,8.5
Casa,11.5,2.27,1,1,2,4,0,9,7.13
Casa,26.8,1.79,4,2,3,2,0,2,8.45
Casa,35.3,0.44,0,1,2,3,0,16,5.57
Casa,20.7,3.69,3,0,3,4,0,11,10.19
Casa,16.1,1.38,0,0,0,5,0,5,3.03
Casa,22.4,1.75,0,2,0,3,0,11,5.38
Casa,11.4,2.82,1,1,2,0,0,12,5.29
Pequeño_establecimiento,33.0,0.91,0,0,0,5,2,6,13.11
Casa,33.1,0.74,3,0,3,2,1,10,13.05
Casa,26.5,2.53,4,0,0,1,0,6,7.66
Casa,19.9,4.43,3,1,1,5,0,12,8.57
Casa,32.4,0.81,1,1,1,0,1,4,7.22
Casa,25.5,1.83,3,2,2,5,3,5,18.28
Pequeño_establecimiento,33.1,2.94,2,0,2,3,3,11,19.64
Casa,27.7,5.08,4,0,2,3,2,8,16.68
Pequeño_establecimiento,32.0,1.42,2,2,2,0,0,2,3.6
Casa,26.8,1.32,2,0,3,3,0,7,7.46
Casa,21.6,1.57,1,2,3,5,2,9,12.41
Casa,36.8,2.3,0,2,1,1,2,18,12.76
Casa,25.2,2.3,2,0,3,5,0,8,8.76
Pequeño_establecimiento,26.9,1.03,3,1,0,1,0,2,4.97
Pequeño_establecimiento,16.2,2.01,0,1,1,3,0,10,2.82
Casa,27.5,1.88,3,1,2,5,0,12,10.55
Casa,26.0,0.58,3,1,2,3,3,20,19.33
Casa,15.2,1.58,0,0,3,1,0,3,2.97
Pequeño_establecimiento,11.7,2.08,0,2,1,3,0,12,5.43
Casa,26.9,2.33,3,2,3,4,0,4,9.83
Casa,31.4,3.12,1,0,3,2,1,18,10.68
Casa,24.7,1.42,4,1,3,5,0,11,9.9
Casa,16.3,2.22,4,2,1,4,0,4,10.47
Casa,28.7,0.78,1,0,2,3,0,4,4.89
Casa,12.2,2.35,0,0,0,3,0,8,3.83
Pequeño_establecimiento,22.4,3.93,3,1,2,2,3,3,14.02
Casa,14.6,1.47,4,0,1,3,0,2,7.3
Casa,15.2,0.99,3,2,2,2,0,8,8.52
Pequeño_establecimiento,15.7,1.9,1,2,2,5,0,12,6.07
Casa,20.8,1.69,3,0,0,1,2,7,11.65
Pequeño_establecimiento,11.4,3.01,1,2,2,2,0,5,3.65
Casa,21.1,2.49,0,0,2,2,0,20,5.14
Casa,24.3,3.09,1,2,2,4,3,20,17.19
Pequeño_establecimiento,23.5,1.11,1,1,3,3,0,15,6.25
Casa,20.7,2.12,4,2,1,5,0,4,10.58
Casa,33.5,0.81,3,1,1,1,3,5,19.59
Casa,14.1,0.6,4,1,0,0,0,9,8.7
Casa,24.2,0.4,2,0,3,2,2,19,13.85
Casa,11.7,1.45,1,1,3,0,0,5,5.42
Casa,12.0,0.7,2,2,2,3,0,12,7.68
Pequeño_establecimiento,26.1,0.35,4,2,1,2,1,17,12.9
Casa,25.8,1.46,3,1,0,0,3,4,16.01
Casa,34.6,3.61,4,0,3,4,0,8,11.06
Casa,25.6,1.87,3,1,2,0,0,3,5.14
Casa,36.9,2.69,3,2,0,4,3,2,17.8
Casa,11.4,0.43,0,2,3,1,0,2,4.08
Pequeño_establecimiento,12.7,3.52,1,1,0,3,0,7,4.29
Casa,11.2,1.36,4,1,3,5,0,20,12.57
Casa,15.2,0.75,3,1,0,0,0,8,6.38
Casa,25.2,3.59,4,2,3,2,0,6,9.15
Casa,28.1,3.95,4,2,3,3,2,19,18.72
Casa,11.3,2.14,3,2,0,0,0,14,7.55
Casa,36.5,2.99,2,0,3,2,0,2,5.96
Casa,33.6,1.34,1,2,3,2,0,11,6.44
Casa,18.3,1.59,1,2,3,5,0,10,8.29
Casa,12.2,1.9,0,0,0,5,0,18,5.68
Casa,14.8,1.27,0,0,0,2,0,2,1.85
Casa,13.6,2.06,0,0,3,5,0,2,4.24
Casa,13.5,1.46,1,0,3,2,0,8,5.15
Casa,24.5,1.95,2,0,0,0,0,5,5.69
Casa,16.9,2.57,1,0,2,1,0,13,5.47
Casa,20.0,3.32,1,1,3,5,0,17,7.85
Casa,37.7,1.33,1,1,2,4,2,15,15.83
Casa,29.2,3.2,1,1,0,4,1,11,8.97
Casa,36.6,3.4,2,1,3,4,3,15,21.18
Casa,14.0,2.99,0,2,2,1,0,8,3.73
Casa,20.7,2.76,4,0,0,2,0,5,6.84
Pequeño_establecimiento,25.5,1.79,0,2,2,2,3,3,13.0
Casa,12.1,2.02,0,0,1,3,0,19,5.28
Casa,10.1,2.02,4,0,0,4,0,17,10.31
Casa,28.8,0.42,1,2,1,4,0,10,7.26
Casa,28.0,1.87,2,1,0,2,1,6,9.53
Casa,21.5,2.29,2,2,0,4,0,10,7.66
Pequeño_establecimiento,23.7,1.51,0,2,3,2,2,9,9.43
Casa,21.6,6.61,4,0,1,2,0,17,10.22
Casa,10.7,3.08,3,0,1,5,0,19,10.17
Casa,19.4,1.87,1,0,1,2,2,5,9.24
Pequeño_establecimiento,15.0,2.69,0,1,0,0,0,17,3.68
Casa,12.8,5.21,2,2,1,0,0,5,6.24
Casa,36.8,0.24,4,2,1,0,2,7,16.47
Casa,26.8,1.61,4,1,3,0,1,4,11.24
Casa,30.4,2.56,0,2,2,1,0,19,5.9
Pequeño_establecimiento,18.8,1.43,3,2,2,3,0,16,8.42
Pequeño_establecimiento,21.0,4.6,2,0,1,3,2,9,10.52
Casa,16.6,4.9,0,1,1,2,2,19,9.08
Pequeño_establecimiento,12.7,2.1,3,0,1,4,0,4,6.07
Casa,15.0,0.43,4,1,1,0,0,7,9.58
Pequeño_establecimiento,32.3,1.89,1,0,2,3,3,16,17.22
Casa,29.0,0.88,2,2,3,3,3,13,19.26
Casa,25.3,1.58,2,1,0,0,0,6,4.86
Casa,23.3,0.38,3,1,1,1,0,8,7.66
Casa,35.8,4.58,0,0,1,1,1,16,8.07
Casa,12.0,1.3,4,1,2,3,0,8,9.78
Casa,17.9,0.39,3,2,1,1,3,14,13.6
Casa,19.8,1.68,1,2,3,5,0,4,8.05
Casa,31.9,1.09,1,2,3,0,2,14,14.08
Casa,37.8,1.73,1,0,1,3,0,4,3.85
Casa,16.7,1.06,3,1,2,0,0,3,6.32
Pequeño_establecimiento,34.5,0.65,4,0,1,1,3,5,18.07
Casa,33.3,2.28,2,2,1,0,3,18,18.43
Casa,16.3,1.93,0,1,2,1,0,7,4.43
Casa,21.2,1.65,2,2,3,1,0,12,5.25
Pequeño_establecimiento,21.5,0.66,4,1,0,0,0,7,7.23
Casa,37.4,0.85,2,1,1,1,0,3,5.61
Casa,15.1,3.84,3,0,3,5,0,18,10.6
Casa,32.4,0.66,1,1,1,2,2,4,13.34
Pequeño_establecimiento,19.4,0.82,4,2,0,0,3,13,16.31
Casa,30.5,0.97,4,1,2,2,0,15,8.89
Casa,21.8,2.29,2,2,3,0,0,3,7.01
Casa,26.2,0.23,3,0,0,1,0,6,7.09
Pequeño_establecimiento,33.3,3.09,2,2,1,1,1,11,9.03
Casa,32.5,0.09,2,1,0,3,2,11,15.32
Casa,34.3,2.99,4,2,3,5,0,10,10.51
Pequeño_establecimiento,11.7,0.68,2,2,2,3,0,14,6.79
Casa,29.4,2.67,1,1,1,2,2,11,11.01
Casa,13.9,0.94,2,2,2,1,0,7,5.26
Casa,21.6,1.19,1,1,2,3,0,12,6.8
Casa,25.4,2.36,4,0,0,1,3,5,16.9
Casa,21.3,2.2,3,2,0,0,2,15,12.79
Casa,24.5,2.4,1,0,3,3,1,18,10.69
Casa,37.9,3.32,3,2,3,2,2,3,16.27
Casa,13.8,1.07,3,2,2,3,0,11,9.56
Pequeño_establecimiento,28.9,1.11,1,0,3,1,2,4,11.43
Casa,21.1,2.57,4,2,2,4,0,8,10.56
Pequeño_establecimiento,13.7,0.28,0,2,1,4,0,8,3.91
Casa,14.4,1.33,3,0,2,5,0,2,8.32
Pequeño_establecimiento,36.6,2.2,3,2,3,1,1,9,10.57
Casa,34.6,0.7,4,1,3,0,3,2,20.85
Casa,35.4,3.13,4,2,2,3,2,9,17.02
Casa,37.8,3.07,2,2,0,4,3,15,20.55
Pequeño_establecimiento,15.8,0.6,4,2,2,0,0,15,8.66
Casa,20.0,0.46,3,0,2,1,0,3,5.74
Casa,28.7,0.33,1,1,0,0,3,9,13.32
Casa,23.5,2.6,0,1,1,1,0,20,3.13
Casa,21.7,1.93,2,2,0,5,0,11,7.99
Casa,20.0,3.23,1,0,3,3,0,8,5.15
Casa,26.6,2.86,0,0,0,0,3,14,13.48
Casa,26.1,6.29,0,1,3,3,0,16,4.83
Casa,14.5,1.59,0,0,3,0,0,12,4.26
Casa,23.2,1.09,1,2,2,1,0,15,5.06
Casa,25.5,3.47,2,2,2,1,0,12,5.73
Casa,26.0,1.11,2,0,1,0,0,3,3.6
Casa,15.9,2.75,0,2,3,5,0,3,6.62
Casa,30.8,0.64,1,1,2,1,0,13,4.65
Casa,10.7,0.77,0,2,3,2,0,16,6.73
Casa,19.9,0.87,4,0,1,2,0,18,9.92
Casa,31.8,1.95,2,1,3,3,2,15,15.68
Casa,25.8,0.57,3,2,1,2,0,17,8.1
Casa,17.3,0.41,0,1,1,2,0,9,5.65
Casa,29.5,1.5,4,0,1,5,0,18,10.79
Casa,25.9,2.3,2,2,2,5,0,6,7.75
Casa,32.3,0.68,1,2,0,4,2,13,15.8
Casa,30.6,4.69,2,1,0,4,1,7,12.01
Casa,27.1,1.27,1,2,2,5,2,19,14.99
Casa,23.7,2.06,1,2,3,4,0,6,7.77
Casa,13.7,1.48,0,2,2,5,0,7,5.45
Casa,17.3,1.16,0,2,3,4,0,10,7.9
Pequeño_establecimiento,21.7,3.2,2,0,1,1,0,16,4.57
Casa,26.8,2.63,4,2,2,5,2,11,16.94
Casa,24.4,6.11,2,1,0,3,0,18,8.86
Casa,18.1,1.92,3,0,3,3,0,20,9.67
Casa,10.2,1.04,1,1,2,5,0,13,8.71
Casa,23.9,0.58,1,1,2,2,2,10,11.07
Casa,18.0,2.57,0,1,3,3,3,16,12.84
Casa,30.6,1.08,4,0,1,2,3,15,20.0
Casa,10.7,1.86,0,0,1,3,0,2,3.48
Casa,26.4,0.88,3,0,1,0,2,18,12.88
Casa,36.4,1.94,2,2,1,0,2,2,13.22
Casa,14.9,2.93,2,1,3,5,0,14,8.53
Casa,23.2,4.13,4,0,0,3,0,9,10.54
Pequeño_establecimiento,12.6,0.7,0,1,2,1,0,14,3.27
Casa,27.5,1.54,0,0,2,2,0,17,4.18
Casa,25.4,0.43,3,0,1,3,2,3,13.9
Casa,21.4,3.28,2,0,3,5,0,14,8.01
Casa,24.6,3.65,0,1,0,2,0,19,5.73
Pequeño_establecimiento,35.1,1.84,4,2,0,4,1,4,11.99
Casa,15.5,0.94,2,0,2,5,0,14,8.65
Pequeño_establecimiento,10.6,0.62,3,0,1,3,0,20,8.15
Casa,34.1,1.5,4,0,2,1,2,14,17.2
Pequeño_establecimiento,26.2,0.72,1,2,2,4,3,20,16.69
Casa,34.9,2.61,3,1,0,5,1,5,12.08
Casa,26.7,2.67,4,1,3,3,0,20,10.48
Casa,32.7,1.22,0,1,0,0,0,19,4.06
Casa,22.0,0.85,1,1,2,3,0,7,5.57
Casa,31.0,2.04,3,0,1,0,3,20,18.09
Casa,35.6,3.08,0,2,1,0,1,5,7.55
Casa,26.0,2.35,1,0,3,5,0,5,6.69
Casa,15.1,2.69,2,2,3,3,0,8,6.89
Casa,17.5,3.53,0,1,3,3,0,8,4.92
Casa,15.6,2.21,4,2,2,0,0,17,9.32
Casa,16.9,3.16,3,0,2,2,0,17,7.92
Casa,18.6,1.07,1,0,3,4,0,6,8.85
Casa,25.5,0.53,0,1,1,1,0,16,4.46
Casa,26.5,0.8,2,0,1,3,2,5,12.49
Casa,21.9,4.99,3,0,1,4,0,14,11.03
Casa,27.2,4.69,3,2,2,4,0,20,10.97
Casa,12.3,1.22,0,0,0,2,0,8,4.43
Casa,12.5,4.24,2,1,1,4,0,13,8.09
Casa,14.8,2.27,1,1,1,3,0,10,6.0
Casa,24.5,1.92,0,0,1,5,0,18,5.78
Casa,16.0,3.56,1,1,3,5,0,3,7.25
Casa,17.9,0.84,3,2,2,4,0,17,11.72
Pequeño_establecimiento,21.2,1.58,1,2,3,3,0,8,6.82
Casa,32.7,2.27,2,0,3,3,2,19,15.59
Casa,10.4,4.71,4,0,0,0,0,8,8.75
Casa,28.2,7.15,2,2,3,2,1,2,9.28
Casa,28.7,0.91,1,1,0,1,0,4,3.18
Casa,32.4,1.07,0,0,3,0,0,12,3.13
Pequeño_establecimiento,36.1,3.48,3,0,1,1,3,16,18.99
Casa,10.6,8.29,4,1,2,3,0,4,7.58
Casa,14.3,1.15,0,0,3,5,0,14,6.62
Pequeño_establecimiento,34.8,1.15,0,1,0,0,0,5,1.14
Casa,22.8,1.38,2,1,2,4,3,9,15.98
Casa,25.8,1.08,1,1,0,4,3,5,14.44
Casa,28.6,1.11,2,1,1,1,2,19,12.87
Casa,29.0,1.82,1,1,3,3,3,8,16.63
Casa,36.1,1.78,2,2,2,5,3,12,22.4
Pequeño_establecimiento,37.9,0.74,0,1,1,1,1,5,5.5
Casa,30.2,3.1,3,2,3,5,0,14,9.98
Casa,18.0,3.41,1,1,3,2,0,10,6.41
Casa,34.6,0.55,4,0,0,5,1,10,13.17
Casa,11.4,1.92,4,2,0,4,0,20,11.38
Casa,16.5,2.96,0,0,1,0,1,4,4.52
Casa,35.1,1.81,2,1,0,0,2,13,13.58
Casa,17.2,1.49,2,1,1,0,2,12,9.24
Casa,16.2,1.71,0,0,1,5,0,12,4.61
Casa,13.9,2.87,4,1,1,4,0,18,10.38
Casa,34.1,3.55,4,0,0,5,2,15,19.37
Casa,24.0,0.94,2,1,2,3,0,17,8.96
Casa,28.9,1.26,1,1,1,4,1,11,10.12
Casa,16.7,2.02,3,2,2,4,0,5,8.31
Pequeño_establecimiento,31.2,1.58,1,0,3,5,0,11,6.48
Casa,31.3,2.58,4,1,0,5,1,13,13.76
Casa,18.8,0.58,1,0,0,0,3,10,10.6
Casa,21.5,3.65,3,2,2,4,0,16,10.72
Casa,15.9,1.84,1,0,3,0,0,10,4.43
Casa,37.3,0.69,1,2,3,3,2,8,14.24
Casa,28.1,2.83,1,0,1,2,2,13,11.96
Casa,36.2,1.12,1,0,0,0,1,15,9.53
Casa,18.5,1.87,0,2,3,5,0,17,9.67
Casa,31.9,1.41,4,1,3,1,0,20,10.87
Casa,31.4,2.87,3,1,1,2,2,4,14.72
Pequeño_establecimiento,29.4,1.11,4,1,1,3,2,12,15.14
Casa,37.0,0.79,0,0,2,5,1,20,10.33
Casa,21.0,2.0,0,0,0,2,2,9,8.86
Casa,13.7,0.72,0,1,3,5,0,9,5.61
Casa,28.8,0.5,0,0,2,0,0,4,3.4
Casa,30.4,1.69,1,0,0,5,0,11,6.04
Casa,26.1,1.32,4,1,2,3,0,14,11.47
Pequeño_establecimiento,15.8,0.6,2,2,0,1,0,10,4.77
Casa,24.1,1.0,3,0,0,0,0,7,6.85
Casa,18.7,3.36,0,0,3,0,0,16,4.86
Casa,22.0,1.98,4,0,0,3,0,17,10.52
Casa,28.1,1.92,0,0,1,3,3,6,14.14
Casa,30.9,2.14,0,2,3,2,2,14,12.56
Casa,16.5,1.21,0,1,1,1,0,20,5.76
Casa,21.3,0.86,0,0,2,5,0,3,6.39
Pequeño_establecimiento,17.5,3.58,0,1,2,2,0,7,2.39
Casa,15.6,3.12,3,0,0,5,0,2,8.22
Casa,31.9,0.68,4,2,0,5,0,16,11.6
Casa,35.5,1.64,0,1,1,5,2,16,14.92
Casa,20.4,1.44,0,2,1,2,1,15,8.64
Casa,31.0,2.84,0,0,1,0,0,8,2.14
Casa,35.1,1.13,0,2,2,3,0,6,5.7
Casa,33.7,0.64,1,2,1,0,0,17,5.32
Casa,15.1,0.5,1,0,3,1,0,18,4.39
Casa,36.8,2.04,2,0,3,2,2,12,14.39
Casa,20.5,1.18,0,1,2,1,0,16,4.8
Pequeño_establecimiento,19.5,2.7,2,0,1,3,0,17,7.72
Casa,11.7,1.46,3,1,1,3,0,4,8.5
Casa,23.6,1.75,2,2,0,4,3,7,15.75
Casa,13.1,4.4,4,2,3,1,0,14,8.96
Casa,17.0,0.82,1,1,2,0,0,2,2.82
Casa,18.9,2.12,1,0,1,1,0,15,5.64
Pequeño_establecimiento,32.6,2.14,0,0,0,2,0,3,1.83
Casa,34.5,5.95,0,2,2,3,0,3,5.24
Casa,18.5,5.51,3,1,2,3,0,16,9.1
Casa,34.0,0.92,3,2,3,1,0,19,8.66
Casa,34.0,1.55,4,2,1,1,1,10,12.74
Casa,31.4,0.82,0,0,2,5,0,4,5.07
Casa,14.1,2.06,0,1,0,1,0,5,1.22
Pequeño_establecimiento,29.3,2.31,3,2,0,5,0,16,9.4
Casa,36.5,0.65,3,0,2,2,2,6,15.85
Casa,29.1,1.95,3,2,0,2,0,6,8.08
Casa,19.3,0.72,1,2,2,0,0,11,5.74
Casa,24.0,0.38,2,0,0,1,2,17,13.03
Casa,28.1,1.58,2,0,2,0,0,13,7.4
Casa,24.3,5.19,0,1,2,4,0,15,6.26
Casa,13.4,1.58,1,2,2,2,0,12,4.47
Casa,18.7,1.93,3,1,0,3,0,20,9.94
Casa,32.5,1.64,0,0,2,5,0,7,6.4
Casa,34.1,0.63,1,0,3,4,1,11,10.9
Pequeño_establecimiento,13.8,1.58,4,2,2,3,0,4,6.77
Casa,36.7,1.87,1,1,1,4,0,16,8.0
Casa,19.2,1.97,0,1,1,0,0,12,3.47
Casa,28.5,0.42,2,2,3,0,2,3,11.48
Pequeño_establecimiento,31.1,0.71,3,2,2,5,0,7,8.33
Pequeño_establecimiento,32.7,3.29,4,1,1,2,1,18,13.0
Casa,36.5,1.92,1,0,2,5,2,19,16.19
Casa,18.8,1.59,0,0,1,3,3,5,10.05
Casa,34.0,2.51,0,2,0,4,1,10,10.12
Casa,13.7,4.76,3,1,0,5,0,11,10.25
Casa,29.7,6.05,0,1,3,1,3,3,15.86
Casa,30.8,1.45,0,1,3,1,0,12,3.79
Casa,29.0,0.33,3,0,2,2,0,12,9.18
Casa,17.1,1.3,4,0,3,5,0,12,11.29
Casa,34.4,4.01,2,1,2,3,3,2,19.27
Casa,14.7,2.86,2,1,0,1,0,15,7.42
Casa,11.5,0.53,1,2,0,2,0,2,4.4
Casa,30.1,1.19,4,2,1,5,3,10,21.61
Casa,23.3,0.56,1,1,2,2,0,2,4.24
Casa,33.8,0.76,2,1,0,3,2,5,13.58
Casa,20.7,2.27,3,0,0,1,3,2,12.63
Pequeño_establecimiento,14.7,2.34,0,1,2,1,0,20,4.39
Casa,33.4,2.59,2,2,1,1,0,11,6.48
Casa,25.4,2.66,4,0,1,0,0,16,8.22
Casa,15.3,1.45,2,2,1,1,0,5,5.52
Casa,30.2,1.79,4,2,1,4,0,15,11.74
Casa,24.3,3.27,4,0,0,0,2,6,12.96
Casa,26.9,0.21,4,2,2,5,0,16,11.03
Pequeño_establecimiento,22.9,0.62,1,1,2,0,0,16,4.52
Casa,33.2,2.24,3,2,0,0,0,17,8.13
Pequeño_establecimiento,33.2,2.09,2,0,0,0,0,17,5.71
Pequeño_establecimiento,29.9,4.78,3,0,0,2,0,5,6.15
Casa,13.0,1.18,0,0,3,4,0,10,6.28
Pequeño_establecimiento,33.5,0.68,2,2,2,3,0,2,6.14
Casa,28.8,2.59,3,1,2,1,2,6,12.53
Casa,29.5,2.07,3,0,2,0,0,10,6.77
Casa,20.2,0.93,0,1,1,3,0,6,4.2
Pequeño_establecimiento,34.6,0.74,4,0,0,2,3,5,21.01
Pequeño_establecimiento,30.3,0.44,2,1,0,3,2,17,14.66
Casa,13.2,3.43,2,1,0,0,0,3,4.28
Casa,21.4,2.58,0,1,3,5,0,17,6.57
Casa,34.8,0.61,4,0,2,4,3,19,23.38
Casa,11.3,0.77,2,2,0,3,0,3,5.61
Casa,36.9,0.7,2,2,3,0,0,17,9.08
Casa,29.0,0.41,2,2,0,0,0,2,4.63
Casa,27.7,1.79,4,1,1,1,1,17,13.39
Casa,17.6,2.52,0,0,2,5,0,4,5.49
Pequeño_establecimiento,17.0,1.5,2,1,3,1,0,16,7.0
Casa,36.4,3.57,3,0,0,5,2,12,16.66
Casa,18.4,2.9,4,1,2,4,2,11,15.8
Casa,31.7,1.26,1,0,3,1,0,18,6.19
Pequeño_establecimiento,21.0,1.09,0,0,2,4,0,5,4.9
Pequeño_establecimiento,13.9,0.4,3,0,2,2,0,18,8.2
Casa,10.3,3.09,2,1,1,2,0,5,7.45
Casa,25.2,0.64,1,2,2,5,0,20,9.18
Casa,37.3,2.95,0,1,3,5,2,2,13.56
Casa,20.3,1.05,4,1,2,1,2,15,15.33
Casa,20.0,2.4,1,0,3,2,0,12,6.15
Casa,19.6,1.16,1,0,2,3,0,8,6.19
Casa,24.6,0.83,3,2,0,3,3,18,18.15
Casa,22.3,2.3,0,2,1,3,2,5,9.25
Casa,34.6,0.88,3,0,0,2,2,11,15.61
Casa,24.2,2.5,3,2,1,3,2,18,15.9
Casa,24.2,2.69,2,2,3,4,1,5,11.56
Pequeño_establecimiento,13.9,1.55,4,0,1,0,0,20,6.38
Casa,37.5,2.85,1,1,2,5,3,19,21.07
Pequeño_establecimiento,17.0,0.47,0,2,2,1,0,18,4.2
Casa,12.1,0.72,4,0,0,4,0,7,8.04
Casa,28.6,2.44,4,2,1,3,2,8,17.16
Casa,26.7,1.14,0,2,3,0,2,7,11.61
Casa,21.6,0.68,4,0,3,1,0,13,10.45
Casa,21.8,1.71,2,2,2,4,3,10,14.06
Casa,32.0,0.83,4,2,3,1,2,19,18.54
Casa,15.5,2.37,2,2,2,5,0,3,7.34
Casa,33.0,0.64,1,1,2,2,2,18,14.41
Casa,28.2,1.16,1,1,2,3,3,2,15.31
Casa,21.7,5.13,3,2,0,4,0,10,7.02
Casa,22.8,0.47,2,0,0,4,0,7,5.09
Casa,17.2,1.01,1,2,2,0,0,3,4.23
Casa,31.1,1.12,4,2,2,0,0,7,8.44
Casa,24.4,3.82,0,1,2,0,0,10,3.39
Pequeño_establecimiento,19.0,3.69,0,1,3,1,0,4,1.63
Casa,26.7,0.83,2,1,2,3,0,17,7.97
Casa,37.9,2.6,3,2,2,1,1,16,13.94
Pequeño_establecimiento,22.2,1.47,4,2,1,3,0,13,8.87
Casa,35.8,1.47,2,0,1,4,1,9,11.04
Casa,19.7,1.76,0,2,1,1,0,7,4.63
Casa,11.5,1.32,2,2,1,1,0,4,5.51
Casa,15.7,0.57,4,1,2,1,0,5,8.79
Casa,21.7,3.05,1,1,1,2,0,11,5.94
Casa,16.1,0.66,4,1,3,5,0,15,11.04
Casa,10.0,1.88,1,1,3,3,0,16,6.48
Casa,35.6,0.77,1,1,1,3,1,8,8.79
Pequeño_establecimiento,33.6,2.21,1,0,0,1,3,8,14.68
Casa,30.8,1.82,2,0,3,2,1,9,11.29
Casa,14.7,1.12,0,0,3,1,0,11,3.56
Casa,13.4,4.22,2,1,1,3,0,20,8.24
Casa,11.9,1.44,0,1,1,5,0,20,6.72
Casa,30.3,1.45,4,1,2,5,1,3,13.99
Casa,36.0,1.87,3,0,3,4,0,16,8.83
Casa,22.1,0.42,4,1,1,2,0,2,8.97
Pequeño_establecimiento,13.3,0.53,2,0,1,5,0,11,8.17
Casa,24.3,3.25,2,1,2,2,0,7,6.57
Casa,19.8,4.56,0,2,3,1,0,14,3.29
Casa,20.5,2.88,2,0,1,4,2,11,11.64
Casa,27.4,2.28,1,2,2,3,1,13,10.41
Casa,30.1,2.6,2,0,1,5,0,7,7.84
Casa,13.1,2.87,0,1,0,5,0,7,4.88
Casa,11.0,2.32,0,1,0,0,0,2,2.87
Casa,37.8,3.08,1,2,1,3,3,13,18.58
Casa,16.5,1.41,0,1,3,5,0,11,7.26
Casa,11.5,1.52,3,0,0,5,0,15,9.4
Casa,15.3,1.95,4,1,2,3,0,16,10.12
Casa,11.1,1.51,2,1,1,4,0,5,7.64
Casa,21.0,8.69,3,0,2,2,0,2,6.9
Casa,32.5,1.5,2,2,0,3,3,9,19.58
Casa,19.6,2.31,3,2,3,2,0,4,10.31
Casa,22.4,1.72,2,1,2,4,1,15,10.45
Casa,28.9,1.23,1,0,0,4,3,18,18.06
Casa,24.2,0.21,0,2,0,1,0,3,3.37
Pequeño_establecimiento,34.1,0.86,0,2,0,0,2,16,12.66
Casa,34.2,6.78,1,1,2,4,3,7,19.6
Pequeño_establecimiento,10.3,3.12,3,0,0,4,0,6,8.08
Casa,31.8,0.34,4,2,1,2,0,15,9.11
Casa,22.9,0.55,3,1,0,4,0,20,8.73
Casa,37.7,3.49,0,1,1,3,1,10,8.16
Casa,23.5,4.15,4,1,3,1,0,9,8.9
Casa,37.6,5.6,2,1,1,1,3,4,19.02
Casa,31.1,0.56,4,2,3,3,3,19,24.11
Casa,17.0,3.63,3,0,3,5,0,9,9.29
Casa,25.1,2.76,1,1,1,4,0,17,7.2
Casa,37.8,0.63,2,1,3,0,0,16,6.03
Casa,34.0,0.27,3,2,1,4,2,16,18.2
Casa,12.7,0.19,2,1,2,1,0,17,7.13
Casa,29.8,1.42,4,1,3,0,0,2,7.53
Casa,19.7,1.62,0,0,1,5,0,11,6.56
Casa,10.2,1.12,3,1,3,2,0,20,9.97
Casa,21.3,1.22,1,2,0,2,0,6,3.87
Pequeño_establecimiento,16.6,1.51,4,0,1,4,0,19,7.84
Pequeño_establecimiento,32.9,1.37,3,2,0,4,2,4,15.56
Casa,19.4,4.56,1,0,3,0,0,5,4.39
Casa,33.2,0.66,3,0,3,0,3,5,19.07
Casa,10.0,1.07,4,1,2,5,0,12,11.28
Casa,18.6,2.23,3,1,1,4,0,10,7.93
Casa,16.8,1.54,2,1,0,1,0,2,4.74
Casa,16.5,2.93,4,2,2,2,0,17,10.2
Casa,11.9,0.39,3,1,3,5,0,10,9.88
Pequeño_establecimiento,15.2,0.82,0,1,3,0,0,12,3.79
Casa,25.6,1.78,3,0,2,1,1,7,9.65
Casa,18.2,1.4,2,1,0,4,0,18,7.39
Casa,21.7,1.27,1,1,3,3,0,13,7.98
Pequeño_establecimiento,20.6,2.48,1,1,3,0,0,9,3.35
Casa,34.5,2.59,1,1,1,5,2,17,17.03
Casa,35.3,2.26,0,0,2,3,2,6,14.36
Casa,23.8,0.44,2,1,3,1,0,2,7.0
Casa,19.2,3.76,4,0,0,2,0,18,9.99
Casa,13.0,0.33,1,2,1,1,0,9,4.92
Casa,36.7,0.5,2,1,2,2,1,11,11.96
Casa,11.7,1.53,3,1,0,1,0,19,8.11
Casa,18.3,0.47,0,1,3,0,0,16,5.7
Casa,18.3,0.35,2,0,2,0,0,14,6.69
Casa,19.0,0.95,2,1,2,5,0,11,8.87
Casa,14.6,0.13,4,1,0,3,0,10,9.29
Casa,31.9,1.8,2,2,2,1,0,14,6.78
Casa,13.4,3.3,4,0,0,1,0,4,7.28
Casa,27.8,4.78,0,0,3,3,3,4,14.68
Pequeño_establecimiento,13.5,2.12,0,2,1,4,0,2,3.33
Casa,12.0,1.31,3,0,0,5,0,3,8.2
Casa,35.5,2.56,4,1,1,1,2,12,17.9
Casa,15.3,1.68,4,1,2,5,0,15,11.67
Casa,33.0,3.54,1,2,0,1,2,11,12.65
Casa,25.2,1.11,1,0,3,1,2,8,8.89
Casa,12.2,1.85,3,0,0,4,0,2,8.31
Casa,36.8,2.63,0,0,0,0,1,8,6.53
Casa,16.9,3.47,1,2,0,5,0,16,7.78
Casa,34.1,0.84,2,1,1,3,3,12,20.31
Casa,14.7,1.62,0,2,1,5,0,7,6.08
Casa,33.9,1.46,2,1,2,4,3,8,20.76
Casa,10.4,5.22,4,2,2,2,0,8,10.17
Casa,24.3,0.47,0,1,2,2,0,2,4.19
Casa,31.5,1.16,3,0,2,4,1,11,10.36
Pequeño_establecimiento,36.2,1.89,4,0,0,4,1,16,13.69
Casa,35.5,1.15,4,0,1,0,0,9,7.88
Casa,32.9,1.87,2,2,1,5,0,20,9.4
Casa,34.9,1.36,4,2,1,5,3,4,22.94
Casa,15.6,1.06,1,2,1,2,0,16,6.44
Casa,18.0,1.57,0,0,2,3,0,5,3.75
Casa,18.1,2.37,1,1,0,5,0,7,7.28
Casa,20.6,0.89,2,0,1,1,0,11,6.3
Casa,21.0,2.6,2,0,3,1,1,19,10.19
Casa,25.2,1.6,0,1,0,0,1,17,5.14
Casa,14.5,0.73,4,1,3,0,0,19,11.43
Casa,29.4,1.73,3,1,0,2,0,7,5.7
Pequeño_establecimiento,14.7,1.14,2,1,0,3,0,20,7.47
Casa,18.7,0.8,0,0,0,3,1,18,7.9
Casa,24.1,1.42,3,2,3,4,0,19,12.1
Pequeño_establecimiento,32.3,1.67,4,0,1,0,2,14,14.39
Casa,30.7,2.69,2,1,1,5,3,8,18.46
Casa,28.1,1.89,0,2,3,1,1,13,8.99
Casa,14.4,0.27,0,2,1,5,0,3,5.68
Casa,25.3,1.09,0,0,2,1,0,13,5.52
Casa,12.4,1.61,2,0,1,2,0,13,7.63
Casa,20.6,1.17,3,0,2,1,2,5,11.37
Casa,21.6,2.94,0,2,2,5,3,5,13.26
Pequeño_establecimiento,11.1,3.63,4,2,2,5,0,19,11.6
Casa,17.7,0.33,0,2,3,3,0,17,5.22
Casa,36.8,2.0,3,1,1,3,1,15,13.56
Casa,36.7,0.6,2,1,1,0,3,18,19.6
Casa,19.9,3.58,0,0,3,5,3,18,13.39
Casa,11.2,0.74,0,2,3,2,0,4,4.21
Pequeño_establecimiento,15.0,0.66,4,0,1,1,0,7,5.35
Casa,21.0,3.1,4,2,3,0,3,14,17.53
Casa,36.5,2.42,0,0,3,4,2,10,14.25
Casa,14.0,2.32,0,1,2,4,0,10,4.5
Pequeño_establecimiento,31.4,2.48,4,2,3,1,0,9,7.43
Casa,13.0,0.94,3,1,2,1,0,18,8.26
Casa,37.5,1.36,1,2,0,1,1,17,10.58
Casa,20.7,3.55,1,0,2,3,0,17,7.24
Pequeño_establecimiento,31.7,5.01,0,2,2,1,0,20,3.84
Casa,19.6,1.34,4,1,3,4,0,17,11.02
Pequeño_establecimiento,27.6,0.96,2,2,1,1,3,15,16.03
Casa,15.4,4.04,2,0,0,5,0,15,7.56
Casa,14.1,2.29,1,2,0,2,0,15,5.58
Casa,36.3,1.7,3,1,0,4,0,15,9.7
Casa,35.7,1.79,1,0,1,2,1,13,8.74
Casa,34.8,1.67,0,1,0,4,3,7,16.96
Casa,27.5,4.39,3,2,0,0,0,14,7.11
Casa,32.6,3.34,2,1,1,5,1,17,12.93
Casa,11.9,1.02,4,2,0,4,0,10,10.21
Casa,19.4,5.49,4,0,3,5,0,3,10.55
Pequeño_establecimiento,18.8,0.9,0,1,3,4,0,4,4.76
Pequeño_establecimiento,27.8,1.52,1,1,2,2,1,11,7.95
Casa,20.0,2.7,0,2,2,2,0,3,3.84
Casa,14.2,2.93,4,1,2,4,0,11,10.75
Casa,26.7,1.06,2,1,3,4,0,9,8.27
Casa,32.8,1.72,4,0,3,3,1,18,15.32
Casa,20.7,1.18,3,2,3,5,3,2,16.89
Casa,13.7,6.12,4,2,2,5,0,7,10.08
Casa,15.5,1.01,4,0,2,5,0,8,11.86
Casa,16.6,3.08,3,0,2,5,0,16,10.12
Casa,18.4,0.35,1,2,2,0,0,19,6.64
Casa,28.0,1.69,4,0,2,0,1,10,11.97
Casa,26.8,1.62,0,0,2,1,1,9,7.12
Casa,29.5,2.1,4,0,3,4,2,11,17.88
Casa,20.2,1.12,0,2,1,4,0,5,5.64
Casa,33.1,0.84,3,0,1,4,2,9,16.4
Casa,15.7,0.55,4,1,2,4,0,2,10.01
Pequeño_establecimiento,23.1,1.43,3,1,1,5,0,9,8.63
Casa,32.4,0.35,3,2,1,5,0,13,10.9
Casa,15.0,0.61,1,0,3,0,0,16,5.12
Casa,13.1,0.55,4,1,2,2,0,14,9.9
Casa,34.7,1.33,0,2,2,3,3,17,17.94
Casa,19.6,3.54,0,1,1,5,0,19,7.72
Casa,29.1,1.37,4,0,2,5,2,2,16.09
Casa,10.7,0.43,1,2,2,5,0,18,8.73
Pequeño_establecimiento,29.3,2.47,1,1,2,2,0,17,5.23
Casa,18.9,2.7,1,2,2,2,3,6,13.02
Casa,11.6,8.39,0,1,1,0,0,11,3.32
Casa,27.1,1.54,3,1,0,5,1,7,12.47
Casa,16.7,2.96,1,0,1,3,0,13,5.19
Casa,20.8,5.19,0,0,3,4,0,11,5.22
Casa,12.3,1.61,0,1,0,5,0,18,6.9
Casa,14.1,0.21,3,2,0,0,0,3,6.99
Casa,18.3,2.51,4,2,0,0,0,20,9.62
Casa,12.5,1.4,4,0,1,3,0,7,10.85
Casa,35.5,3.01,1,1,3,1,3,14,19.14
Casa,10.2,1.13,1,0,1,0,0,10,4.21
Casa,23.5,2.91,3,1,3,2,0,13,8.55
Casa,13.5,0.68,1,1,1,2,0,19,7.98
Casa,18.6,0.49,3,0,1,4,0,9,9.13
Casa,35.9,2.7,0,2,1,0,2,19,12.49
Casa,14.5,0.92,1,0,0,4,0,3,4.53
Pequeño_establecimiento,37.0,2.75,0,1,1,0,2,9,9.92
Casa,15.8,1.33,2,0,3,3,0,11,8.03
Casa,30.8,5.8,3,2,3,5,0,10,8.99
Casa,25.3,3.49,2,2,3,0,0,19,7.17
Casa,34.8,0.56,1,1,0,1,1,9,8.93
Pequeño_establecimiento,25.5,2.95,0,0,1,2,0,20,4.22
Pequeño_establecimiento,25.0,1.69,1,2,1,3,0,4,4.12
Casa,15.5,1.46,2,0,2,5,0,10,8.76
Casa,14.7,1.68,1,2,0,5,0,14,7.93
Casa,35.7,1.03,4,1,3,2,1,10,13.64
Pequeño_establecimiento,19.2,1.04,2,1,3,5,0,13,7.68
Casa,20.4,1.1,1,0,1,4,0,14,7.37
Casa,31.3,0.52,0,1,3,3,3,9,16.53
Casa,19.5,2.4,1,2,1,1,0,16,5.93
Casa,36.7,1.71,0,1,1,2,1,14,9.52
Casa,30.7,2.56,4,2,2,0,3,14,19.39
Casa,26.7,2.18,1,2,0,0,2,18,11.37
Casa,34.7,2.4,4,1,1,0,1,16,12.72
Casa,11.4,1.23,2,2,1,3,0,20,10.13
Casa,17.2,2.34,0,2,1,1,0,4,2.28
Casa,23.0,2.35,2,0,2,5,0,15,8.83
Casa,16.4,1.39,0,0,1,1,0,11,2.91
Casa,30.8,3.6,4,0,0,1,1,18,14.55
Casa,35.7,1.25,3,1,0,2,0,9,7.64
Casa,21.9,6.37,1,0,3,3,0,19,6.62
Casa,19.6,2.28,4,2,0,0,0,13,7.04
Casa,36.9,1.17,0,1,3,2,3,18,18.78
Casa,22.5,1.55,0,1,0,5,0,12,5.84
Casa,23.7,5.01,0,1,3,1,0,10,4.86
Casa,19.8,4.03,0,1,1,0,0,16,3.16
Casa,35.5,0.2,1,2,2,3,2,10,16.31
Casa,25.9,3.32,2,2,2,4,0,13,8.63
Casa,31.3,1.04,3,0,2,1,1,12,11.79
Casa,32.7,1.13,1,1,1,1,0,18,6.41
Casa,19.6,1.58,0,0,2,1,0,7,3.52
Casa,22.1,1.3,1,2,0,1,0,9,5.82
Casa,33.8,1.02,4,1,3,0,0,11,8.35
Casa,20.2,1.0,0,2,1,3,0,16,6.54
Casa,32.2,0.29,3,0,2,2,1,5,12.29
Casa,36.3,1.11,0,2,0,0,0,19,5.11
Casa,27.4,2.94,3,1,0,3,0,12,9.44
Casa,30.8,2.4,3,1,1,2,0,10,7.27
Casa,32.5,1.07,2,0,1,1,1,10,10.26
Casa,33.7,0.3,2,1,2,3,3,9,20.03
Casa,21.1,2.15,1,2,3,1,3,4,12.59
Casa,11.4,0.63,1,2,2,3,0,19,8.08
Casa,21.3,1.67,3,2,2,5,2,15,16.48
Casa,28.9,0.59,0,2,1,4,1,4,7.7
Pequeño_establecimiento,22.6,0.46,4,0,2,1,2,18,12.95
Pequeño_establecimiento,31.0,1.05,4,2,2,1,3,5,18.65
Casa,20.0,1.52,0,0,3,1,0,19,3.19
Casa,27.8,1.46,0,2,0,5,3,16,16.43
Casa,15.2,2.2,2,0,0,0,0,20,7.44
Casa,31.0,1.36,4,2,3,2,3,7,19.71
Casa,25.3,3.31,3,2,0,1,0,16,7.69
Casa,15.7,0.61,1,0,2,1,0,8,3.85
Casa,18.2,1.54,2,1,3,0,0,13,6.93
Casa,31.0,5.21,4,1,3,0,0,17,10.0
Casa,23.5,5.09,0,1,1,4,0,10,5.27
Casa,16.0,1.4,4,0,0,3,0,6,7.97
Casa,37.1,2.91,3,1,1,1,2,12,16.06
Casa,30.0,1.81,2,1,2,3,0,3,7.6
Casa,36.8,1.03,0,0,3,0,1,17,9.31
Casa,22.0,0.6,3,1,2,0,0,5,6.22
Casa,23.3,4.35,1,1,0,4,0,6,5.41
Casa,35.1,1.71,2,1,1,2,3,8,18.61
Casa,24.7,1.34,3,0,0,5,0,7,8.83
Casa,29.8,0.25,3,0,2,5,0,11,8.41
Casa,17.1,3.94,0,1,1,5,1,15,8.75
Pequeño_establecimiento,22.5,1.97,1,1,0,0,1,9,5.26
Casa,13.5,3.23,3,0,2,1,0,15,7.79
Casa,15.8,1.15,2,1,0,4,0,15,7.37
Pequeño_establecimiento,10.0,1.79,3,0,3,2,0,4,7.07
Casa,11.1,2.11,4,1,1,5,0,2,9.12
Casa,37.4,3.38,2,0,1,4,2,10,14.95
Casa,16.8,1.26,2,2,1,0,2,10,9.28
Casa,28.6,1.37,3,2,3,5,0,3,8.49
Casa,33.5,1.01,0,0,1,2,2,17,13.72
Casa,25.4,7.95,2,2,3,3,1,9,10.04
Casa,14.3,2.63,4,1,1,2,0,7,8.66
Casa,30.4,1.56,0,0,0,1,3,14,14.24
Casa,26.8,1.04,0,0,0,5,1,2,8.72
Casa,30.5,4.16,0,1,0,5,2,20,14.4
Casa,31.6,1.32,2,1,0,3,3,16,18.61
Casa,37.3,1.86,0,0,3,3,1,2,8.44
Casa,26.1,0.66,3,1,2,5,3,11,18.44
Casa,19.6,2.78,0,0,2,1,0,2,3.38
Casa,28.2,2.4,4,1,0,3,1,13,13.15
Casa,11.9,1.19,1,0,2,0,0,12,5.08
Casa,35.1,1.69,4,1,2,5,2,18,19.37
Pequeño_establecimiento,13.3,3.05,2,1,1,2,0,5,3.94
Casa,19.2,0.61,0,2,3,2,0,8,3.53
Casa,32.8,0.71,0,2,0,1,1,13,6.79
Casa,26.7,1.27,3,2,2,0,1,14,11.1
Casa,21.0,2.3,0,1,2,3,0,6,6.11
Casa,23.3,3.67,4,0,0,5,0,7,9.32
Pequeño_establecimiento,33.9,1.21,2,1,1,2,1,3,8.49
Casa,19.5,1.15,1,2,0,2,0,8,5.12
Casa,34.4,1.33,0,1,1,2,1,15,8.38
Casa,12.5,2.42,1,2,2,2,0,15,5.57
Casa,31.8,0.54,0,2,3,4,0,11,5.7
Casa,33.7,1.09,2,0,1,1,0,5,5.12
Casa,15.1,0.7,4,0,1,3,0,4,10.07
Casa,22.0,1.15,2,2,0,5,0,15,8.31
Casa,14.6,1.74,1,2,2,5,0,7,7.3
Casa,29.8,0.93,0,1,3,5,0,16,5.97
Pequeño_establecimiento,25.0,2.63,1,2,0,3,0,9,5.34
Casa,27.8,0.24,4,1,0,1,0,6,7.18
Casa,15.5,0.26,2,2,3,0,0,4,4.88
Casa,15.9,0.43,1,0,2,1,0,4,3.46
Casa,11.2,0.8,1,0,3,2,0,14,5.77
Pequeño_establecimiento,19.0,1.85,4,2,0,2,0,3,6.24
Casa,25.7,0.26,0,1,0,1,3,2,11.97
Casa,34.0,0.73,1,1,1,1,2,13,12.76
Pequeño_establecimiento,28.7,1.01,4,1,3,3,0,9,9.55
Casa,22.2,2.22,0,2,3,3,0,20,6.39
Pequeño_establecimiento,36.7,1.35,0,2,3,4,3,10,16.85
Casa,30.1,0.54,2,0,0,5,1,15,11.31
Casa,36.0,0.84,4,0,2,4,0,19,10.37
Casa,24.8,1.25,0,2,0,5,0,11,5.84
Casa,17.2,2.04,2,0,1,2,3,10,11.89
Pequeño_establecimiento,11.5,0.75,3,1,0,4,0,7,8.08
Casa,30.3,2.69,4,1,0,4,0,2,6.95
Casa,13.4,0.25,3,2,0,0,2,6,10.89
Casa,18.5,1.05,0,1,1,1,0,11,3.33
Casa,24.9,2.23,4,2,3,3,0,14,12.16
Casa,25.8,3.23,2,1,2,4,0,5,7.45
Pequeño_establecimiento,26.8,1.87,0,2,2,3,0,2,4.3
Casa,14.7,1.81,4,1,1,5,0,3,9.65
Casa,20.6,1.74,4,1,3,4,3,5,17.19
Casa,27.3,0.96,3,0,3,5,0,18,9.9
Casa,37.2,1.21,0,0,1,4,1,11,9.21
Casa,30.4,1.87,2,0,0,2,0,13,5.66
Casa,35.8,2.89,2,0,3,0,2,3,13.63
Pequeño_establecimiento,31.3,1.31,0,0,2,5,3,4,15.64
Casa,26.6,1.75,0,0,1,1,3,15,13.6
Casa,15.4,1.16,1,2,2,1,0,16,7.21
Casa,28.7,1.45,3,2,0,2,2,14,15.62
Pequeño_establecimiento,27.5,0.38,0,0,1,2,2,10,8.89
Casa,26.9,1.77,0,2,2,1,0,3,3.91
Casa,23.7,3.52,1,0,2,5,0,20,8.96
Casa,24.8,3.13,1,2,0,1,1,17,6.79
Casa,19.4,0.84,4,1,1,0,0,12,7.42
Casa,24.5,0.75,2,2,3,4,1,13,11.41
Casa,15.5,1.55,3,2,3,0,0,2,6.09
Casa,32.5,0.42,4,2,2,1,3,3,20.67
Casa,15.2,2.78,0,1,0,4,0,17,5.08
Pequeño_establecimiento,12.4,0.9,1,0,2,1,0,3,2.36
Casa,22.2,2.78,2,2,0,0,3,20,14.87
Casa,28.4,0.86,4,2,3,0,0,11,8.84
Casa,22.3,1.47,2,1,2,5,0,20,10.55
Casa,17.7,4.08,1,0,2,5,0,11,7.42
Casa,25.6,2.2,4,2,0,0,3,17,20.77
Casa,19.7,1.72,4,1,1,4,0,14,9.66
Casa,36.1,2.03,2,0,0,5,1,17,11.38
Casa,35.8,0.59,1,0,1,5,3,19,21.36
Casa,24.1,3.76,0,2,3,3,0,9,7.93
Casa,19.2,2.95,4,2,2,3,0,19,11.0
Casa,30.6,1.49,0,2,2,5,2,14,13.96
Casa,11.0,1.8,1,2,0,1,0,8,4.76
Casa,23.3,1.96,4,1,0,4,0,19,10.15
Casa,19.4,3.43,4,1,3,2,0,7,7.73
Casa,35.8,3.3,0,2,3,5,0,10,6.79
Casa,10.3,0.29,3,0,1,3,0,7,7.75
Casa,25.5,0.98,0,2,3,4,0,19,6.07
Casa,30.7,2.05,0,0,3,4,1,18,9.8
Casa,23.6,2.82,3,0,3,3,0,13,7.93
Pequeño_establecimiento,12.4,0.91,1,0,3,4,0,4,5.38
Pequeño_establecimiento,37.2,2.34,1,1,1,4,2,6,13.27
Pequeño_establecimiento,24.5,1.9,4,0,3,3,0,8,8.79
Casa,27.2,2.2,2,0,1,0,0,11,5.94
Casa,16.6,0.93,2,1,0,5,0,11,8.85
Pequeño_establecimiento,23.5,1.44,4,0,2,1,0,20,8.94
Casa,22.0,2.28,2,0,0,2,0,5,5.99
Casa,12.1,2.2,0,2,3,1,0,11,6.18
Casa,13.0,2.06,0,0,2,0,0,19,5.15
Casa,33.4,0.53,3,0,3,0,0,4,6.65
Pequeño_establecimiento,16.7,1.28,3,0,3,4,0,4,7.61
Casa,15.5,0.82,4,0,0,1,0,6,6.86
Casa,24.1,2.24,4,0,3,0,2,17,14.47
Casa,31.5,4.44,4,1,0,1,3,14,20.16
Casa,11.7,1.8,0,0,3,0,0,12,3.56
Casa,26.2,3.41,2,0,1,2,0,14,8.39
Casa,13.3,0.37,4,1,2,0,0,20,9.85
Casa,11.0,1.79,4,1,0,1,0,7,8.12
Pequeño_establecimiento,11.5,1.58,0,0,0,4,0,14,5.12
Casa,33.4,0.68,0,0,2,1,2,5,11.51
Casa,13.3,1.01,0,0,0,3,0,6,3.5
Casa,11.3,1.53,2,2,2,1,0,20,8.11
Casa,22.3,1.59,4,2,1,2,0,6,9.15
Casa,33.6,6.62,1,0,3,5,1,15,13.13
Casa,17.3,1.16,1,1,1,2,0,5,3.76
Casa,21.8,4.36,4,0,3,2,0,13,9.17
Casa,11.1,0.62,4,1,2,0,0,7,7.93
Pequeño_establecimiento,22.6,5.19,4,1,1,2,0,20,10.0
Casa,26.2,2.31,4,1,3,1,0,11,9.9
Casa,26.0,0.95,2,0,2,5,3,2,16.69
Casa,19.3,0.89,1,0,3,4,0,17,8.46
Casa,18.8,1.63,3,1,0,2,0,5,6.41
Casa,13.0,0.53,1,2,0,1,0,10,6.41
Pequeño_establecimiento,20.3,1.61,1,2,2,0,0,19,4.41
Pequeño_establecimiento,12.8,4.71,0,2,3,0,0,18,2.69
Casa,31.5,0.64,4,1,0,4,0,16,10.95
Pequeño_establecimiento,37.1,2.87,4,0,1,4,3,20,21.33
Casa,37.2,3.08,4,1,3,1,1,8,12.66
Casa,34.2,0.39,0,2,3,4,3,19,19.55
Casa,26.8,1.09,2,0,0,4,1,7,10.3
Pequeño_establecimiento,29.6,3.54,2,1,0,0,2,20,13.54
Casa,18.0,0.72,3,1,2,1,3,13,13.17
Casa,27.7,2.82,2,2,3,5,3,4,17.4
Casa,22.8,0.7,2,1,1,4,0,2,9.42
Casa,23.5,0.67,4,0,0,1,0,6,7.35
Casa,31.2,3.36,1,2,3,2,2,2,11.62
Pequeño_establecimiento,17.9,1.0,2,2,0,0,0,9,3.67
Casa,18.9,0.89,2,0,2,5,0,8,7.54
Casa,35.9,0.64,0,2,3,0,3,16,17.3
Pequeño_establecimiento,11.6,0.3,3,1,3,0,0,12,7.64
Casa,23.6,1.2,0,1,2,3,0,19,7.44
Pequeño_establecimiento,35.6,4.78,4,2,1,1,2,15,16.06
Casa,27.1,0.67,1,0,0,2,1,10,7.71
Casa,25.3,3.07,3,1,2,4,0,6,8.79
Casa,17.0,1.0,0,0,3,2,0,5,3.42
Pequeño_establecimiento,19.6,2.63,2,1,2,1,0,13,6.76
Casa,33.9,0.99,2,1,3,0,1,2,11.41
Casa,25.7,3.94,3,2,2,3,2,14,15.56
Casa,24.4,0.97,2,2,1,1,0,2,5.7
Casa,12.8,1.11,0,0,3,5,0,4,4.91
Casa,10.4,1.47,0,2,2,5,0,9,6.45
Casa,37.0,4.31,2,1,1,1,1,19,10.54
Pequeño_establecimiento,20.6,1.69,2,1,1,4,0,17,6.73
Casa,26.9,3.93,4,0,0,2,0,17,7.89
Casa,12.2,3.44,1,0,3,2,0,3,5.61
Casa,29.1,4.41,3,1,0,4,1,18,14.14
Pequeño_establecimiento,36.1,3.92,0,2,1,3,3,11,17.42
Casa,26.1,1.34,3,2,0,0,0,8,6.64
Casa,13.5,5.04,4,0,0,0,0,11,7.37
Casa,26.3,2.09,0,0,2,5,0,20,6.93
Casa,31.5,2.08,4,1,0,3,1,10,12.27
Casa,21.4,1.07,4,1,1,4,0,18,11.76
Casa,34.6,0.38,2,0,0,1,0,10,6.44
Casa,28.2,0.38,3,1,3,2,3,10,17.82
Casa,35.2,0.74,3,0,2,1,3,6,18.65
Casa,27.5,2.16,2,0,1,2,1,8,8.41
Casa,13.7,2.42,3,2,0,1,0,12,7.34
Casa,18.7,0.8,2,0,3,4,1,9,10.03
Casa,15.7,0.22,0,1,1,4,0,15,5.9
Casa,35.4,1.74,4,2,0,3,3,3,20.07
Casa,31.3,0.88,4,2,2,1,0,11,8.63
Casa,28.9,1.41,3,1,0,1,0,17,7.31
Casa,18.4,2.31,1,1,1,3,0,17,7.37
Casa,15.2,4.78,4,1,1,3,0,20,9.95
Casa,31.2,1.25,2,0,1,4,2,12,15.28
Casa,23.3,1.76,1,2,3,4,1,7,9.14
Casa,16.3,0.19,1,0,0,5,0,7,5.89
Casa,27.3,2.31,4,0,0,1,0,8,8.52
Casa,11.1,5.69,4,0,0,4,0,17,9.35
Casa,19.1,3.11,4,0,2,4,0,14,8.49
Casa,23.1,3.46,2,2,3,1,0,4,5.21
Casa,14.1,0.34,1,2,3,3,0,10,7.13
Pequeño_establecimiento,37.6,2.31,3,0,2,1,1,4,8.88
Casa,15.9,1.54,2,1,3,0,0,7,5.32
Casa,13.6,0.08,0,2,2,1,0,18,5.62
Casa,15.7,2.3,4,0,1,0,0,4,7.72
Casa,31.5,0.86,1,1,1,1,0,3,4.94
Casa,21.9,0.59,2,1,3,0,0,13,7.05
Casa,25.8,1.47,0,0,1,0,0,7,1.74
Casa,10.6,0.78,2,2,1,1,0,11,7.81
Pequeño_establecimiento,11.0,1.36,2,1,1,5,0,12,6.64
Casa,22.5,4.26,3,2,0,4,0,17,9.13
Casa,32.9,1.15,3,2,1,2,1,17,12.95
Casa,34.8,2.61,2,1,0,4,2,19,16.97
Casa,12.4,0.51,0,0,2,0,0,10,4.45
Casa,25.1,2.53,1,1,2,1,0,20,5.94
Casa,35.6,1.94,1,1,2,1,1,3,8.87
Casa,20.9,2.69,4,2,2,1,0,2,7.64
Casa,33.2,0.83,4,0,2,1,1,17,14.78
Casa,13.7,2.13,1,2,1,5,0,19,8.62
Casa,36.2,7.32,2,1,1,2,1,4,11.12
Casa,31.0,2.6,2,0,1,3,1,2,8.79
Pequeño_establecimiento,36.4,1.56,3,0,2,0,2,7,13.41
Pequeño_establecimiento,28.9,1.96,3,0,2,2,2,20,15.29
Casa,20.2,0.88,4,0,0,4,0,20,11.74
Casa,36.3,2.12,1,0,3,3,2,12,15.65
Casa,17.7,2.41,2,1,1,3,0,9,8.23
Casa,19.3,1.6,1,1,3,1,3,6,12.89
Pequeño_establecimiento,29.6,0.53,0,1,2,2,2,10,11.35
Casa,31.4,0.69,1,2,2,4,0,16,7.84
Casa,36.0,0.47,0,0,2,1,1,15,7.67
Casa,15.7,0.81,3,0,3,1,0,5,5.38
Casa,32.3,0.53,3,1,0,5,3,9,20.85
Casa,30.7,0.73,4,0,2,0,2,18,17.16
Pequeño_establecimiento,11.8,0.55,1,2,0,3,0,3,1.88
Casa,20.8,1.08,1,0,0,4,0,17,5.8
Casa,17.9,0.52,0,0,1,3,0,11,3.81
Pequeño_establecimiento,18.5,1.56,3,2,3,2,0,3,6.71
Casa,37.5,0.81,0,1,2,0,1,12,8.03
Casa,28.0,1.64,3,1,0,1,0,11,8.04
Casa,30.1,3.41,0,0,3,0,2,20,11.05
Casa,37.3,5.96,3,2,3,1,0,15,9.08
Pequeño_establecimiento,20.6,2.12,0,1,2,0,2,12,6.52
Casa,32.5,0.36,3,1,1,1,2,10,15.95
Pequeño_establecimiento,22.2,0.62,0,1,1,3,0,8,3.12
Casa,34.3,2.07,1,0,0,3,0,16,5.15
Pequeño_establecimiento,15.1,1.79,4,2,1,3,0,18,9.22
Casa,36.5,0.41,0,0,1,3,2,4,11.21
Casa,16.1,4.78,4,1,1,0,0,16,8.84
Casa,19.1,0.63,1,2,3,1,0,15,6.9
Pequeño_establecimiento,31.2,3.39,1,0,2,3,1,9,9.5
Casa,21.0,0.42,3,1,3,0,0,5,6.43
Casa,27.0,3.57,4,1,3,1,0,11,10.38
Casa,22.4,3.91,2,0,2,0,0,3,4.84
Casa,30.8,0.7,3,1,3,5,2,15,19.05
Pequeño_establecimiento,16.4,0.52,4,1,0,3,0,9,8.0
Casa,11.6,0.67,0,2,0,2,0,11,4.14
Casa,18.4,6.77,0,1,3,0,2,19,9.66
Casa,23.3,3.75,1,0,1,3,2,16,12.2
Casa,14.7,0.49,2,2,3,4,0,6,7.58
Casa,19.9,2.18,0,0,1,1,0,14,4.9
Casa,21.2,4.18,4,1,3,5,0,19,11.46
Casa,11.6,1.99,4,2,0,3,0,3,9.12
Casa,26.3,0.37,0,2,1,4,0,14,6.41
Casa,34.8,1.48,4,2,0,0,3,15,21.93
Casa,14.2,0.47,4,2,3,0,0,11,9.89
Casa,26.7,2.08,1,0,2,4,0,5,5.75
Casa,28.6,1.92,2,1,1,5,0,16,8.9
Casa,21.7,1.13,1,1,1,4,0,9,6.3
Pequeño_establecimiento,29.6,0.33,2,2,3,1,0,16,8.12
Pequeño_establecimiento,21.5,1.27,4,1,3,0,0,15,8.77
Casa,24.1,3.13,2,0,1,4,0,10,8.24
Casa,10.2,0.63,4,1,2,2,0,4,8.43
Pequeño_establecimiento,29.4,1.85,4,0,3,2,2,16,15.34
Casa,28.5,5.22,1,0,3,4,3,18,17.35
Casa,11.1,6.57,1,1,3,1,0,17,7.2
Casa,20.3,0.87,3,0,2,0,0,5,5.71
Casa,37.4,2.96,0,0,1,2,2,12,15.12
Casa,21.8,0.27,3,0,0,4,0,9,7.86
Casa,24.1,4.56,3,0,3,4,1,4,11.63
Pequeño_establecimiento,35.5,3.55,2,2,2,3,3,20,20.66
Pequeño_establecimiento,30.1,3.68,4,1,1,4,3,15,20.75
Casa,26.3,2.88,4,2,1,1,2,10,14.14
Casa,32.3,0.73,4,0,2,2,0,4,8.58
Casa,34.2,2.79,0,1,3,3,0,5,4.94
Casa,22.8,1.18,2,0,0,2,0,5,5.26
Casa,23.3,0.59,2,1,3,2,0,12,8.97
Casa,20.8,3.66,4,2,1,1,0,20,8.67
Pequeño_establecimiento,37.1,0.44,3,1,0,4,1,17,11.34
Casa,29.5,1.99,0,0,3,1,0,18,5.66
Casa,12.3,1.11,3,1,0,4,0,11,8.6
Pequeño_establecimiento,34.2,0.98,1,1,2,3,2,18,13.83
Casa,23.5,0.78,2,2,3,1,0,17,8.0
Casa,11.9,2.01,2,0,1,1,0,7,6.31
Casa,25.4,1.59,3,1,1,5,0,8,7.81
Casa,21.7,2.2,0,2,0,0,2,15,9.5
Casa,34.6,2.29,2,1,2,1,2,12,15.27
Casa,15.7,0.85,3,0,3,5,0,13,9.88
Casa,33.1,0.49,0,1,2,0,0,15,4.35
Pequeño_establecimiento,25.6,1.18,3,1,2,4,0,6,7.88
Casa,11.5,1.08,0,1,0,4,0,6,4.91
Casa,37.2,0.71,4,1,0,4,3,16,22.16
Casa,24.4,1.07,0,0,3,5,0,2,6.01
Casa,18.1,2.98,1,2,1,5,0,10,7.99
Casa,23.1,3.24,4,2,3,0,0,4,9.0
Casa,34.0,1.7,3,1,2,4,3,5,19.65
Casa,18.5,1.17,4,0,0,2,0,17,10.26
Casa,15.4,2.3,4,0,2,1,0,8,8.06
Casa,13.6,0.76,3,0,0,5,0,15,9.82
Casa,18.3,1.92,3,0,1,5,0,17,8.35
Casa,31.8,2.47,1,0,2,5,0,19,7.53
Pequeño_establecimiento,23.2,2.16,3,0,0,0,3,17,15.08
Casa,16.4,2.77,2,1,3,4,0,17,9.51
Casa,14.7,1.23,2,2,3,2,0,3,5.8
Casa,19.3,0.51,1,2,3,1,2,11,10.96
Casa,36.3,3.37,0,1,2,1,2,8,11.48
Casa,19.6,1.56,0,2,0,4,2,16,10.28
Casa,37.7,1.05,2,0,0,2,1,10,9.32
Casa,23.6,0.94,3,0,0,0,2,8,11.95
Casa,15.0,0.52,1,2,2,5,0,17,9.21
Casa,35.0,4.1,0,0,0,5,3,4,17.67
Casa,22.9,0.24,0,0,1,4,0,18,5.23
Casa,29.9,0.25,4,2,2,1,0,9,8.94
Pequeño_establecimiento,37.5,1.95,2,1,1,5,1,3,9.21
Casa,11.4,0.88,3,2,1,1,0,4,7.97
Casa,12.7,4.31,1,2,3,1,0,9,5.7
Casa,30.2,2.62,0,2,2,4,3,3,16.48
Casa,17.9,1.86,4,2,0,3,0,20,10.86
Casa,15.2,2.9,2,1,1,3,0,18,7.61
Casa,11.1,1.75,2,1,2,3,0,6,6.53
Casa,10.6,3.13,1,0,0,2,0,18,6.22
Casa,31.7,2.58,0,0,3,4,1,11,10.89
Casa,13.8,3.19,1,2,2,1,0,10,5.23
Casa,23.1,3.38,1,0,2,5,0,7,7.58
Casa,27.0,1.19,4,1,2,2,0,12,10.33
Casa,22.0,2.49,2,0,0,3,3,3,13.3
Casa,10.8,1.2,3,0,1,0,0,13,7.84
Casa,31.9,2.28,2,0,1,2,2,13,15.35
Casa,10.3,0.54,2,2,2,2,0,17,6.32
Casa,31.3,2.71,4,0,2,4,0,13,11.02
Casa,35.0,5.38,3,1,0,5,1,19,15.31
Pequeño_establecimiento,22.1,1.44,0,1,3,2,0,14,3.4
Casa,25.0,1.55,3,1,2,5,0,16,9.32
Casa,23.4,0.85,0,1,2,4,0,17,6.56
Casa,20.9,4.16,3,0,3,0,0,5,7.86
Casa,34.8,1.93,1,2,2,1,2,13,13.31
Casa,35.0,1.75,3,1,1,1,3,18,19.53
Casa,19.4,3.2,4,1,2,3,0,2,8.53
Pequeño_establecimiento,27.2,4.26,0,2,1,3,3,19,14.43
Casa,36.0,3.05,2,2,0,0,2,17,13.42
Casa,36.9,3.94,4,1,0,1,0,2,6.82
Pequeño_establecimiento,24.3,3.76,0,1,1,3,0,11,4.15
Casa,22.7,7.91,0,2,1,5,0,20,8.69
Casa,17.8,1.68,2,1,3,2,0,17,8.54
Casa,36.8,0.83,1,1,1,4,1,15,11.85
Casa,14.0,2.15,4,0,1,3,2,3,11.23
Casa,26.2,0.31,2,2,2,0,2,7,12.06
Pequeño_establecimiento,17.9,1.24,2,0,3,1,2,6,8.98
Casa,17.8,2.17,1,0,1,0,2,13,8.93
Casa,21.3,2.37,4,2,1,4,3,5,17.7
Casa,38.0,1.52,2,0,1,4,1,5,11.72
Casa,11.5,2.55,1,1,2,0,0,6,4.3
Pequeño_establecimiento,26.2,2.37,4,0,2,3,0,8,7.94
Casa,12.3,0.64,3,2,2,3,0,7,9.52
Casa,14.3,2.42,0,1,0,1,0,14,4.51
Casa,22.3,1.38,1,1,2,5,0,5,7.14
Casa,24.3,3.62,0,1,1,1,0,14,4.2
Casa,17.2,1.24,3,1,2,2,0,5,8.52
Casa,18.9,0.73,2,0,2,5,0,11,7.31
Casa,12.4,1.73,2,0,3,2,0,2,6.75
Casa,18.5,1.21,4,1,1,1,0,9,9.14
Casa,37.1,1.56,1,2,2,5,1,8,10.7
Casa,36.5,0.23,1,1,0,5,1,6,9.79
Casa,19.4,2.55,4,0,3,2,0,4,7.65
Casa,26.0,2.32,0,1,2,0,0,16,4.68
Casa,35.5,4.3,2,0,3,3,2,18,14.71
Casa,10.2,2.43,2,1,3,5,0,14,9.41
Casa,32.7,1.51,1,2,0,5,2,16,14.99
Casa,36.6,0.55,1,1,0,2,2,20,13.88
Casa,12.6,3.65,4,2,0,5,0,15,9.6
Casa,14.5,1.43,3,2,1,2,0,14,7.87
Pequeño_establecimiento,36.9,0.65,0,1,3,0,2,13,12.67
Casa,25.1,1.88,3,2,2,5,0,10,9.32
Casa,10.4,1.08,3,2,0,4,0,4,8.42
Casa,17.2,1.21,1,0,0,1,0,12,3.77
Casa,22.6,3.81,1,0,3,0,0,11,5.74
Casa,29.4,0.95,1,2,3,4,2,2,13.95
Casa,30.5,3.22,3,1,3,0,1,18,11.93
Pequeño_establecimiento,37.9,2.54,0,2,2,3,1,14,9.13
Casa,18.1,1.98,1,1,1,0,0,15,5.3
Pequeño_establecimiento,25.1,1.36,2,0,1,0,0,2,2.64
Casa,24.9,0.91,0,1,0,3,1,3,5.94
Casa,21.4,2.98,2,2,1,5,3,3,15.86
Pequeño_establecimiento,14.7,2.51,0,2,2,1,0,8,4.3
Casa,37.4,0.92,1,2,1,4,3,10,19.3
Casa,33.9,1.22,4,2,2,2,0,5,9.55
Casa,24.0,5.07,1,2,0,1,0,3,5.02
Casa,26.9,2.2,3,1,3,0,0,20,8.39
Casa,16.4,0.9,3,2,2,2,0,6,7.86
Casa,25.2,2.73,0,0,3,3,0,10,5.67
Casa,29.5,2.06,3,2,0,1,0,14,9.53
Casa,24.4,0.65,1,1,2,5,0,13,8.21
Casa,37.7,2.05,2,2,2,4,3,20,22.12
Casa,27.1,1.31,1,2,1,1,0,10,4.73
Casa,20.4,0.4,0,1,2,1,0,11,4.12
Casa,31.6,1.31,3,2,0,5,1,20,14.9
Casa,14.8,1.11,2,1,3,2,0,11,7.83
Casa,20.8,1.57,4,2,2,3,1,13,12.42
Casa,19.7,1.49,2,0,0,5,0,15,9.25
Casa,22.1,2.16,2,2,0,3,0,9,8.03
Casa,31.9,1.84,1,1,2,5,0,17,8.0
Casa,23.6,3.5,4,0,1,1,0,18,9.48
Casa,32.2,1.48,0,1,2,3,2,5,11.79
Casa,26.1,3.61,0,2,2,2,2,7,10.06
Casa,19.6,3.97,2,0,1,2,0,13,7.04
Casa,32.7,2.45,2,1,0,4,0,19,7.81
Casa,16.7,0.41,3,0,2,3,0,8,8.68
Casa,16.3,1.53,4,0,1,4,0,6,9.0
Pequeño_establecimiento,24.1,0.5,2,1,3,5,0,11,8.71
Pequeño_establecimiento,17.3,1.75,3,0,3,0,0,7,5.77
Casa,10.3,3.81,4,1,1,2,0,15,8.11
Casa,28.2,1.22,0,0,0,1,0,7,2.54
Casa,24.3,3.81,3,0,1,2,0,15,8.29
Casa,22.5,1.98,4,0,0,0,0,13,6.47
Casa,37.1,2.36,3,2,3,1,0,13,7.25
Casa,26.0,1.42,2,2,2,3,1,9,10.55
Casa,34.2,1.08,1,1,1,3,3,11,19.35
Casa,13.9,0.38,0,0,3,2,0,17,5.95
Casa,25.9,0.94,2,1,2,1,0,9,6.32
Casa,34.3,2.47,2,2,3,5,0,10,8.32
Casa,26.3,0.92,4,2,1,1,0,14,8.56
Pequeño_establecimiento,30.1,1.28,3,2,1,4,2,18,16.89
Casa,20.4,4.67,0,2,2,0,0,20,5.16
Casa,12.6,3.46,2,1,1,3,0,18,8.79
Casa,22.8,2.72,4,0,3,2,0,8,10.12
Casa,21.0,2.69,0,1,2,1,0,2,2.73
Casa,34.3,1.32,3,0,2,3,0,15,9.35
Casa,16.8,3.44,2,2,3,2,0,18,8.92
Casa,37.1,0.74,2,0,0,3,1,14,10.68
Casa,36.8,0.69,2,2,2,2,2,3,14.16
Casa,16.9,1.2,0,1,0,3,0,15,5.63
Casa,19.7,1.19,0,0,3,5,0,2,5.14
Casa,35.1,2.27,0,1,3,4,0,6,4.67
Casa,37.1,1.98,0,2,2,0,1,8,7.06
Casa,22.4,0.8,4,1,1,3,3,20,17.68
Pequeño_establecimiento,19.0,2.76,1,2,2,0,0,15,4.31
Casa,24.7,0.33,4,2,1,3,1,15,12.53
Casa,29.3,4.31,2,2,0,1,1,16,10.45
Casa,17.7,1.75,4,1,1,4,0,6,11.39
Casa,30.6,2.33,3,1,2,5,2,6,16.97
Casa,11.4,1.86,0,0,1,4,0,3,5.01
Casa,11.4,0.86,3,0,3,0,0,19,8.6
Pequeño_establecimiento,20.8,0.87,3,1,0,1,0,10,4.73
Casa,19.9,0.61,2,1,3,2,0,11,7.47
Casa,18.8,1.72,0,1,3,4,0,19,6.38
Casa,23.7,2.57,3,1,3,5,0,5,8.69
Casa,19.0,1.95,2,2,3,1,0,9,6.7
Casa,15.4,4.37,0,2,1,1,0,19,5.58
Casa,18.7,0.89,1,2,3,0,0,18,6.02
Casa,37.3,1.13,2,1,1,5,2,17,18.0
Casa,21.5,2.68,4,2,3,1,0,19,10.63
Casa,22.5,4.02,0,2,2,1,0,8,4.31
Pequeño_establecimiento,26.1,0.34,3,0,3,2,0,2,6.19
Casa,37.5,0.34,3,0,2,0,3,2,19.45
Pequeño_establecimiento,16.8,2.49,4,2,1,0,0,19,7.82
Casa,29.1,2.05,4,2,0,5,2,5,16.43
Pequeño_establecimiento,30.0,1.14,3,2,1,1,0,5,5.75
Casa,27.0,1.05,0,1,0,2,3,7,13.74
Casa,12.5,0.62,2,0,0,3,0,4,6.39
Pequeño_establecimiento,29.0,2.07,4,0,3,4,0,7,8.59
Casa,11.8,0.41,4,0,0,0,0,14,8.7
Pequeño_establecimiento,26.7,2.6,4,2,1,2,0,8,7.28
Casa,30.7,3.44,1,1,3,5,0,5,7.52
Casa,15.9,0.2,0,0,0,2,0,2,3.03
Casa,33.6,1.07,0,0,1,1,2,7,11.37
Casa,10.8,0.77,0,1,0,4,0,6,4.85
Casa,33.6,0.47,0,2,0,0,0,14,3.58
Casa,22.9,1.14,0,2,3,3,0,20,7.0
Casa,16.1,2.64,3,0,3,1,0,5,9.02
Casa,13.7,3.86,4,0,1,0,0,7,8.16
Casa,36.7,0.65,3,1,3,5,3,14,22.48
Casa,12.0,0.03,1,0,3,0,0,6,4.08
Casa,15.6,1.97,2,1,2,2,0,14,8.4
Casa,19.7,3.06,4,0,2,4,1,11,12.21
Casa,27.4,2.94,1,0,1,3,1,4,9.64
Casa,25.3,2.24,3,0,3,4,2,14,16.35
Casa,13.5,0.29,2,2,1,2,0,13,6.18
Casa,18.1,1.07,1,1,2,3,0,5,6.34
Pequeño_establecimiento,16.7,1.39,2,1,2,3,0,11,4.84
Casa,16.0,0.61,1,2,2,1,0,4,4.5
Casa,21.5,1.93,3,2,1,3,0,18,10.24
Casa,29.7,3.26,2,2,3,0,3,10,15.81
Casa,16.1,3.08,1,1,0,4,0,2,6.81
Casa,20.3,4.38,3,0,3,5,1,19,13.93
Casa,20.9,2.8,4,2,1,5,1,10,12.47
Casa,37.3,3.24,3,2,2,4,2,10,18.94
Casa,36.7,1.89,3,2,0,1,1,3,9.09
Pequeño_establecimiento,32.4,4.15,4,0,1,3,2,20,16.6
Pequeño_establecimiento,16.8,1.67,3,0,2,2,0,17,6.61
Casa,11.9,3.16,4,2,1,0,0,4,6.0
Casa,18.9,2.93,4,0,0,1,0,17,8.57
Casa,17.5,4.96,4,2,2,3,1,14,12.75
Casa,24.2,0.8,1,0,3,5,1,4,9.6
Casa,31.8,0.38,2,1,1,2,0,11,6.87
Casa,34.0,1.61,1,1,0,3,1,19,10.93
Casa,33.7,0.92,4,0,3,1,0,7,7.59
Casa,20.1,1.19,2,1,0,2,0,7,5.59
Casa,29.2,1.68,2,1,1,2,3,19,16.14
Pequeño_establecimiento,18.8,3.99,4,1,0,2,0,7,8.25
Pequeño_establecimiento,11.7,3.84,2,2,2,2,0,7,5.92
Casa,29.6,0.43,2,0,0,3,3,14,17.9
Casa,10.3,2.73,1,0,1,2,3,15,11.88
Pequeño_establecimiento,21.5,0.34,2,0,2,3,0,8,6.64
Casa,19.2,3.41,4,1,0,2,0,14,8.94
Casa,29.4,3.84,0,2,0,2,2,16,11.95
Casa,31.5,0.84,0,0,2,1,0,13,5.41
Casa,18.5,1.69,0,1,3,3,0,2,3.92
Casa,32.7,1.03,4,2,3,5,1,4,15.92
Pequeño_establecimiento,18.2,3.56,0,2,2,3,0,19,5.1
Pequeño_establecimiento,22.5,3.58,1,0,0,4,0,9,3.25
Casa,30.4,3.0,4,0,3,5,3,3,21.21
Casa,29.4,4.36,4,1,2,1,1,5,11.53
Pequeño_establecimiento,37.6,0.64,4,0,1,3,1,19,12.46
Casa,16.3,0.51,2,1,0,1,0,14,6.27
Pequeño_establecimiento,28.5,1.76,2,2,1,5,0,16,7.73
Casa,27.1,0.48,2,2,0,1,2,3,13.29
Casa,35.6,1.26,3,2,3,1,1,11,13.25
Casa,14.4,0.1,1,2,1,0,0,3,3.09
Casa,31.1,1.51,4,0,1,3,3,13,20.42
Casa,25.9,1.65,4,0,2,1,3,6,18.24
Casa,17.7,1.45,2,1,3,0,0,13,7.58
Casa,23.3,2.11,4,1,3,0,0,2,7.42
Casa,19.3,1.18,4,1,0,2,0,3,7.53
Casa,26.2,1.24,0,1,2,2,0,17,5.29
Pequeño_establecimiento,34.9,1.72,4,1,2,5,3,3,21.72
Pequeño_establecimiento,25.9,1.91,3,2,0,3,3,17,18.04
Casa,27.7,2.93,2,2,1,2,2,17,15.04
Casa,24.5,0.38,1,2,0,5,0,7,5.7
Casa,11.4,4.92,1,1,0,3,0,14,5.84
Casa,16.5,0.99,0,2,0,5,0,13,4.39
Pequeño_establecimiento,23.8,0.66,1,2,2,0,2,11,9.77
Casa,18.7,0.74,1,2,0,0,0,6,2.81
Casa,15.1,0.86,2,2,0,3,0,9,6.39
Pequeño_establecimiento,24.1,0.53,2,0,0,5,0,7,7.12
Casa,19.0,1.75,3,1,3,5,0,6,9.78
Casa,17.2,4.47,0,1,1,2,0,7,4.17
Pequeño_establecimiento,23.0,0.21,1,0,1,2,0,18,5.16
Casa,13.7,1.57,3,2,1,3,0,7,9.36
Pequeño_establecimiento,36.0,3.86,0,2,1,4,1,18,9.12
Casa,34.3,1.64,1,2,2,2,2,6,13.97
Casa,29.8,1.94,1,1,2,1,0,18,6.3
Casa,13.0,2.42,2,1,0,2,0,18,7.03
Pequeño_establecimiento,31.7,2.25,4,1,2,4,3,14,23.12
Casa,32.6,0.86,0,1,1,5,2,8,12.49
Casa,31.5,1.92,1,1,3,0,1,7,7.05
Casa,13.2,2.85,0,0,0,0,0,15,3.39
Casa,28.0,2.15,3,1,0,5,1,17,12.79
Casa,33.4,2.85,3,2,1,0,0,4,4.52
Casa,26.2,2.4,4,1,1,2,0,10,9.35
Casa,28.1,0.61,1,0,1,0,1,16,8.51
Casa,22.8,4.43,2,2,2,4,0,19,10.18
Casa,24.8,6.18,1,0,0,4,0,11,5.58
Casa,11.0,1.55,0,2,1,2,0,11,3.13
Casa,27.9,3.41,3,1,3,5,2,4,15.21
Pequeño_establecimiento,12.3,2.55,0,0,0,1,0,2,0.3
Casa,22.2,2.56,4,2,0,2,3,4,17.36
Pequeño_establecimiento,18.2,0.1,3,1,2,0,0,6,6.47
Casa,25.3,0.82,2,2,0,2,0,8,7.39
Casa,13.7,1.07,3,0,1,4,0,4,8.41
Casa,29.4,1.25,1,0,1,2,3,5,14.17
Casa,32.3,1.08,1,0,3,2,2,18,14.31
Casa,14.6,2.15,3,0,0,1,0,4,6.71
Casa,12.9,2.85,4,1,0,4,0,5,7.79
Casa,14.1,1.93,1,2,2,3,0,3,6.01
Casa,34.6,3.72,1,1,1,3,0,15,7.17
Casa,24.8,3.6,2,0,3,4,0,6,9.33
Casa,23.1,0.49,3,2,1,3,0,3,8.52
Casa,13.0,2.58,1,0,0,0,0,16,5.0
Casa,28.2,1.6,4,1,0,3,0,12,9.51
Casa,34.3,1.26,0,1,3,0,3,11,16.88
Casa,33.2,0.22,3,1,0,4,3,2,20.25
Casa,27.5,0.8,2,2,3,3,0,20,7.54
Casa,12.1,0.73,1,2,3,3,0,15,7.57
Casa,13.1,1.2,4,0,1,5,0,15,8.78
Casa,11.4,1.01,3,2,3,0,0,2,4.94
Casa,17.2,4.65,4,2,0,0,0,10,8.03
Casa,13.8,1.11,4,1,2,2,0,18,10.69
Casa,17.3,5.88,2,0,2,1,0,15,5.74
Casa,20.8,3.11,3,1,0,3,0,14,9.41
Casa,36.4,0.51,1,0,2,5,2,14,17.02
Pequeño_establecimiento,27.1,2.57,2,0,2,1,0,7,5.48
Casa,33.4,0.57,1,2,3,5,1,8,11.62
Pequeño_establecimiento,29.9,1.94,0,1,2,1,3,3,13.34
Casa,13.2,1.57,4,2,2,3,0,9,10.07
Casa,30.6,0.4,0,2,2,5,2,7,13.55
Casa,17.7,1.12,4,2,1,0,0,4,6.76
Casa,27.9,4.66,2,0,0,2,2,19,13.62
Casa,19.5,3.79,1,1,3,5,2,19,13.23
Casa,37.9,0.92,1,1,2,4,3,7,19.14
Casa,17.4,0.91,2,2,0,3,0,12,7.81
Casa,17.8,3.04,3,0,2,3,0,4,6.88
Casa,36.1,0.34,0,1,1,4,3,17,18.43
Casa,10.7,1.47,0,1,1,1,0,6,3.06
Casa,29.5,1.31,1,2,2,2,0,3,6.73
Casa,30.3,0.49,1,0,2,1,0,16,5.92
Casa,33.4,4.73,1,2,2,4,2,17,16.54
Pequeño_establecimiento,37.3,2.14,2,1,1,4,2,8,15.53
Casa,37.3,2.14,3,0,1,2,3,17,21.6
Pequeño_establecimiento,11.8,3.29,0,2,0,4,0,5,1.97
Casa,33.0,1.95,4,1,3,4,1,17,15.38
Casa,28.1,1.37,2,2,3,5,3,18,20.68
Casa,28.1,0.78,0,2,1,2,0,3,3.76
Casa,13.6,3.7,3,2,3,3,0,17,8.71
Pequeño_establecimiento,28.2,2.14,2,0,2,1,3,5,13.98
Casa,37.5,2.43,0,1,0,3,1,8,7.66
Casa,35.5,0.8,2,1,1,3,3,19,20.97
Casa,22.3,3.83,0,1,1,5,0,7,5.58
Casa,11.1,1.85,0,1,3,1,0,19,6.65
Pequeño_establecimiento,20.1,2.15,3,0,2,3,3,8,14.23
Casa,33.1,1.22,4,2,0,2,1,3,12.37
Casa,29.6,1.58,3,1,3,1,1,20,11.67
Casa,22.9,0.8,0,0,1,0,0,10,2.88
Casa,11.5,1.99,2,2,1,5,3,5,15.08
Casa,22.0,3.29,3,0,3,3,0,15,9.57
Casa,23.1,1.85,4,0,2,4,0,6,9.17
Casa,36.0,1.96,0,1,0,1,0,8,3.54
Casa,28.0,2.17,3,1,0,0,1,9,10.64
Casa,18.7,2.18,3,2,0,4,0,16,9.92
Casa,24.7,3.14,3,2,0,0,1,20,11.62
Casa,11.8,0.96,3,1,2,3,0,12,9.66
Casa,37.2,0.45,2,0,1,4,3,5,19.41
Casa,20.1,1.77,4,1,1,3,0,19,10.89
Casa,23.4,2.53,4,2,0,4,3,15,18.47
Casa,19.9,3.68,0,0,0,1,1,7,4.68
Casa,29.1,3.36,1,0,0,2,3,17,16.24
Casa,28.5,0.58,2,0,3,2,0,19,7.02
Casa,30.0,2.52,0,1,3,0,3,2,14.11
Casa,17.5,0.72,0,1,1,5,0,9,4.99
Casa,18.8,1.98,3,2,1,4,0,2,8.28
Casa,13.5,0.56,1,0,0,3,0,2,4.85
Casa,28.4,3.66,1,0,3,5,2,20,14.31
Casa,11.1,3.62,2,1,2,1,0,11,6.9
Casa,26.7,2.48,1,2,3,1,0,19,5.23
Casa,34.4,0.99,0,2,1,1,2,13,13.15
Casa,34.9,3.21,1,0,3,2,2,18,15.56
Casa,22.6,1.96,1,1,1,3,2,2,10.88
Casa,22.9,1.73,4,0,0,1,1,9,10.87
Casa,12.2,0.76,0,1,2,1,1,11,5.58
Casa,28.8,3.24,1,2,0,0,2,11,11.1
Casa,33.0,4.54,1,0,0,4,2,19,14.55
Casa,16.9,3.17,3,0,2,4,0,10,9.72
Casa,21.8,2.36,1,0,2,4,1,3,9.59
Casa,33.5,1.18,1,2,2,5,0,4,6.85
Casa,34.6,1.63,4,0,1,0,2,3,14.49
Casa,16.8,0.82,0,2,0,2,0,7,3.62
Casa,25.4,3.14,2,1,1,5,1,13,12.34
Casa,15.4,2.5,0,2,2,0,0,20,5.44
Casa,12.9,0.62,3,1,1,1,0,16,8.1
Pequeño_establecimiento,35.5,2.13,0,2,2,3,3,20,17.77
Casa,33.0,1.67,1,2,3,5,2,13,14.87
Pequeño_establecimiento,31.3,1.69,3,0,2,5,3,19,20.74
Casa,11.4,0.24,0,2,0,1,0,17,4.23
Pequeño_establecimiento,33.6,2.0,3,0,0,1,3,3,16.95
Casa,22.3,1.63,2,1,0,3,0,12,7.32
Casa,19.6,1.45,0,1,1,4,0,13,7.01
Casa,25.3,0.45,1,0,0,5,3,6,15.02
Casa,12.6,3.23,3,1,2,0,0,7,7.27
Casa,31.2,1.77,4,2,3,2,0,12,10.09
Casa,26.3,0.6,3,0,0,1,0,11,6.87
Casa,15.2,2.14,4,0,1,1,0,5,8.61
Casa,15.3,0.79,1,0,3,2,0,10,6.1
Casa,15.2,0.67,2,1,0,0,0,13,6.33
Casa,11.6,1.06,4,1,0,1,0,11,9.36
Pequeño_establecimiento,26.5,1.57,2,2,3,2,1,15,10.58
Casa,33.5,1.05,3,2,0,1,3,6,19.3
Pequeño_establecimiento,10.5,4.28,1,0,1,4,0,2,4.83
Casa,11.4,4.33,4,2,2,4,0,6,9.6
Casa,26.0,6.28,3,1,2,1,3,17,17.34
Casa,32.9,0.57,0,2,3,1,3,6,15.56
Casa,19.1,0.79,3,1,2,4,0,6,8.28
Casa,19.8,0.83,2,2,0,1,0,19,6.23
Casa,26.7,2.29,1,1,0,0,1,7,5.68
Casa,17.7,0.44,1,1,1,0,3,19,11.0
Pequeño_establecimiento,10.7,2.77,3,2,2,3,0,11,6.14
Casa,30.6,1.68,0,2,3,0,0,16,5.05
Casa,27.5,3.09,2,1,0,5,3,12,18.11
Casa,26.3,1.87,3,0,3,5,0,20,11.49
Casa,30.8,1.26,3,2,0,5,0,14,9.03
Casa,28.9,3.4,1,1,0,1,3,4,14.82
Casa,15.8,4.13,2,2,1,1,0,17,6.59
Casa,19.9,1.07,0,2,2,2,0,8,5.18
Casa,13.5,2.56,1,2,1,5,0,13,6.1
Casa,13.6,1.8,3,2,2,5,0,16,10.43
Casa,28.9,2.94,1,2,3,0,0,9,4.86
Pequeño_establecimiento,34.0,1.82,1,0,2,4,1,18,11.26
Casa,37.0,2.34,4,0,3,4,3,2,22.55
Casa,27.6,1.3,1,0,0,3,1,9,9.58
Casa,15.2,1.55,1,1,3,2,0,15,5.04
Pequeño_establecimiento,13.0,6.61,2,0,3,4,0,11,8.32
Casa,32.8,1.75,1,0,0,3,1,20,9.86
Casa,26.2,0.35,0,1,3,0,3,9,14.53
Casa,27.3,0.46,3,0,3,2,1,20,14.47
Casa,31.9,0.94,2,2,0,2,3,5,18.61
Casa,29.7,0.36,1,0,0,5,3,11,16.64
Casa,33.4,1.19,0,0,0,1,2,4,9.65
Casa,11.6,1.7,3,0,2,5,0,5,8.24
Casa,30.9,1.67,2,2,0,0,0,17,6.9
Casa,33.8,3.37,0,2,0,5,0,5,4.25
Casa,18.0,1.92,1,2,3,2,2,14,9.45
Casa,27.9,2.28,4,2,1,5,2,18,19.36
Casa,18.8,6.65,4,1,1,3,0,17,9.91
Pequeño_establecimiento,36.8,1.79,2,2,2,5,3,18,21.87
Casa,10.9,3.15,0,2,2,4,0,7,6.06
Casa,26.2,1.1,3,2,1,0,3,4,15.98
Casa,14.7,2.33,0,2,1,0,0,5,3.57
Casa,29.9,3.26,4,1,0,2,0,9,9.81
Casa,14.9,1.51,2,0,3,5,0,10,9.11
Casa,16.6,4.94,1,0,0,2,0,2,4.57
Casa,23.8,2.68,0,2,2,2,0,14,5.59
Casa,35.6,3.31,4,2,1,3,2,3,16.93
Casa,15.9,2.52,3,2,2,1,0,11,8.27
Casa,14.0,2.44,2,0,0,2,0,20,7.47
Casa,31.3,0.76,1,0,2,1,0,18,6.35
Casa,24.0,4.3,0,2,2,1,1,14,7.91
Casa,35.5,4.21,3,0,3,0,1,15,11.59
Casa,14.1,1.31,1,1,2,4,0,12,7.9
Casa,28.1,3.35,4,2,0,4,1,11,13.09
Casa,16.5,0.97,4,2,3,5,0,8,11.48
Casa,14.4,2.96,3,1,2,3,0,11,9.18
Casa,29.1,1.89,4,1,0,3,1,2,10.97
Casa,26.6,1.14,2,0,1,4,0,15,9.25
Pequeño_establecimiento,31.1,0.57,3,1,3,5,0,4,8.2
Casa,18.7,2.69,4,2,2,4,0,14,10.29
Casa,22.5,3.85,0,0,2,5,0,3,4.96
Casa,21.4,0.53,4,1,3,5,0,18,11.33
Casa,37.6,1.73,2,0,0,5,3,4,18.9
Casa,18.2,1.66,1,0,2,5,0,16,7.24
Casa,18.3,0.29,1,0,0,0,0,9,3.67
Pequeño_establecimiento,19.9,1.11,4,0,3,0,2,7,12.79
Casa,25.8,3.23,1,1,2,4,0,10,6.84
Casa,17.1,0.57,4,2,1,5,0,12,11.17
Casa,35.6,3.49,2,2,1,2,2,3,14.0
Casa,17.4,2.96,1,1,1,5,0,10,7.18
Casa,35.1,2.01,0,2,3,2,3,19,18.63
Casa,12.9,0.4,4,0,2,0,0,20,9.23
Casa,28.4,1.06,1,0,3,5,2,19,15.81
Casa,35.4,3.56,2,0,2,1,3,6,17.45
Casa,14.7,0.59,2,1,1,4,0,19,9.74
Casa,37.1,0.44,0,0,1,5,1,13,7.86
Casa,22.7,2.99,2,0,0,3,0,5,5.93
Casa,36.5,0.52,2,1,3,2,3,16,21.54
Casa,29.0,0.7,1,0,3,5,1,12,12.02
Casa,18.4,2.92,4,0,0,1,1,20,11.46
Casa,15.3,0.6,3,2,1,2,0,6,6.97
Pequeño_establecimiento,18.5,0.8,2,1,1,1,0,7,4.68
Casa,12.6,3.37,2,0,3,4,0,14,10.55
Casa,14.0,0.68,3,0,2,4,0,11,9.59
Pequeño_establecimiento,12.9,0.86,2,0,1,4,0,15,5.64
Casa,21.8,4.57,1,0,0,0,0,5,3.37
Casa,32.3,3.57,1,2,0,1,0,13,4.78
Casa,14.0,0.8,3,2,0,5,0,16,9.0
Casa,13.6,0.7,2,2,3,3,0,11,8.51
Casa,28.0,1.3,2,2,3,3,0,12,7.46
Casa,15.5,2.06,4,1,3,4,0,10,11.89
Casa,12.7,2.59,2,0,3,3,0,12,8.81
Casa,14.7,1.69,1,2,0,2,0,3,3.98
Casa,35.9,1.23,0,0,0,1,3,14,15.53
Casa,33.0,3.52,0,1,3,1,1,9,8.8
Casa,19.9,1.71,0,0,3,1,1,9,7.12
Casa,28.4,1.9,0,0,0,2,0,2,2.54
Pequeño_establecimiento,25.0,1.0,2,2,3,5,0,7,8.42
Pequeño_establecimiento,29.0,4.18,2,2,3,0,0,14,7.31
Casa,29.1,1.29,4,1,3,2,0,10,9.91
Pequeño_establecimiento,27.6,0.8,2,0,3,1,0,7,4.32
Casa,17.5,0.6,0,2,1,1,0,16,5.35
Pequeño_establecimiento,11.1,0.7,3,2,3,1,0,17,8.15
Casa,22.8,1.96,3,2,0,5,1,5,11.15
Casa,34.9,2.33,1,1,0,3,1,18,11.37
Casa,25.9,4.72,1,0,0,0,0,10,4.87
Casa,33.3,1.94,2,2,0,2,2,13,15.25
Casa,37.8,1.03,3,0,3,1,0,20,7.08
Casa,14.6,5.46,0,1,1,4,0,13,5.71
Casa,29.4,4.09,0,0,2,0,0,7,3.12
Casa,28.9,0.79,0,2,2,4,1,13,11.73
Casa,37.4,0.42,2,0,2,0,2,10,14.12
Casa,37.6,1.19,2,0,2,1,0,6,5.58
Casa,29.2,0.14,4,1,0,0,1,4,11.12
Casa,16.8,0.46,0,1,3,0,0,3,2.77
Casa,32.4,3.8,0,0,3,1,3,9,15.29
Casa,13.0,2.25,2,0,2,5,0,11,7.04
Casa,31.9,1.58,2,0,2,4,1,16,11.83
Pequeño_establecimiento,35.5,1.96,4,1,1,5,3,10,20.5
Casa,20.7,0.8,4,1,1,4,0,11,10.4
Casa,27.7,2.25,1,0,1,3,0,12,6.11
Pequeño_establecimiento,22.0,5.44,3,1,0,4,2,10,13.31
Casa,22.3,2.55,0,2,3,4,0,15,5.88
Casa,18.7,0.49,0,1,0,0,0,6,1.32
Casa,31.3,1.34,4,1,0,3,2,10,18.51
Casa,36.2,3.12,4,1,3,1,2,5,16.81
Casa,36.3,0.84,1,2,1,1,3,3,17.4
Casa,14.9,1.62,3,2,3,2,0,20,10.01
Casa,34.5,0.92,1,2,2,3,1,2,10.3
Pequeño_establecimiento,30.6,4.03,3,0,1,0,0,2,4.82
Casa,17.1,2.22,0,0,3,2,0,13,4.32
Casa,11.9,1.17,1,2,0,2,0,12,6.07
Casa,17.5,2.14,4,0,3,1,0,2,8.18
Casa,35.5,1.94,1,0,1,4,2,15,13.77
Casa,27.7,0.09,1,0,2,0,0,12,4.98
Casa,30.2,0.9,0,2,0,3,2,8,11.48
Casa,17.2,3.06,4,1,2,2,0,3,7.98
Casa,30.1,2.47,4,2,2,0,3,16,21.06
Casa,10.8,1.23,2,2,0,1,0,9,5.92
Casa,20.5,2.48,2,0,3,2,0,16,7.69
Casa,27.5,4.08,2,0,3,2,0,9,6.95
Casa,14.1,1.31,0,1,2,5,0,11,6.14
Casa,33.0,1.32,1,1,3,1,0,20,6.67
Casa,16.6,2.4,4,1,1,5,0,4,10.99
Casa,28.3,2.06,4,1,2,1,0,15,8.9
Casa,21.3,4.87,1,2,2,1,0,10,4.11
Pequeño_establecimiento,26.7,3.99,4,1,2,5,3,10,19.52
Casa,13.0,0.67,1,2,1,0,0,7,3.59
Pequeño_establecimiento,10.5,1.75,0,0,2,0,0,9,1.3
Casa,35.5,0.63,0,1,3,0,0,12,4.08
Pequeño_establecimiento,17.5,1.23,0,0,3,4,0,9,4.7
Casa,33.0,3.11,1,0,3,2,3,13,18.11
Pequeño_establecimiento,38.0,0.61,1,2,3,0,3,11,16.53
Pequeño_establecimiento,15.9,5.08,3,1,2,4,0,5,7.39
Casa,17.4,3.34,4,2,1,2,0,17,10.1
Pequeño_establecimiento,28.6,1.52,4,0,0,0,3,7,16.51
Casa,37.0,0.88,3,1,3,1,3,10,19.0
Casa,35.6,3.72,3,0,0,3,1,6,12.18
Casa,24.1,1.26,0,0,0,0,1,7,4.05
Casa,32.3,1.69,3,1,2,3,3,18,20.89
Casa,13.8,1.83,1,1,3,0,0,18,4.77
Casa,37.4,1.49,2,1,3,1,1,14,11.52
Pequeño_establecimiento,37.0,1.48,1,2,3,3,3,18,18.67
Casa,14.6,1.97,3,2,0,4,0,15,9.25
Casa,18.4,1.29,4,0,3,1,0,3,7.47
Pequeño_establecimiento,12.8,0.62,1,1,3,3,0,20,5.91
Pequeño_establecimiento,17.6,0.84,4,0,1,3,0,4,5.57
Pequeño_establecimiento,32.8,4.89,1,0,2,5,0,3,4.69
Casa,20.6,1.11,4,0,3,5,3,3,16.35
Pequeño_establecimiento,12.5,1.09,1,0,3,1,0,8,4.48
Casa,19.6,4.15,4,0,2,1,0,5,9.66
Casa,37.5,0.48,2,1,2,1,2,18,17.19
Casa,27.6,3.17,0,2,0,2,0,7,3.78
Casa,21.7,0.9,1,1,0,4,3,8,12.96
Casa,14.7,0.58,2,1,0,0,0,7,3.43
Casa,37.6,4.45,0,1,2,5,3,10,18.19
Casa,33.0,1.9,1,2,1,3,1,5,8.9
Casa,17.9,0.7,2,2,3,5,0,6,7.93
Casa,12.0,5.4,2,2,2,0,0,20,6.09
Casa,11.6,0.6,2,1,1,1,0,11,6.83
Casa,13.4,1.94,3,2,2,5,0,19,11.39
Casa,26.3,0.72,4,0,1,4,0,16,9.79
Casa,36.0,3.02,0,2,2,4,2,2,13.84
Casa,23.9,2.84,4,1,2,2,3,6,17.46
Pequeño_establecimiento,33.6,1.77,4,1,1,5,2,6,17.71
Casa,22.5,3.3,4,0,1,1,0,9,8.8
Casa,29.8,0.39,2,2,1,3,2,16,15.64
Casa,30.5,2.1,4,2,1,2,0,18,9.6
Casa,14.9,2.55,3,0,1,1,0,20,9.14
Casa,20.1,0.64,1,1,1,2,1,14,8.9
Casa,27.8,2.31,2,1,1,5,2,11,15.61
Casa,12.0,1.81,0,2,1,0,0,18,3.4
Casa,20.1,3.69,1,2,2,5,0,6,5.85
Casa,25.0,1.98,1,2,1,1,0,19,7.49
Casa,37.9,1.63,1,2,1,3,2,18,14.97
Casa,23.3,0.65,4,2,2,3,1,5,12.47
Casa,32.8,1.99,4,1,2,1,0,8,9.58
Casa,22.1,2.93,2,1,0,2,0,6,7.18
Casa,32.3,5.21,4,1,0,4,2,9,17.97
Pequeño_establecimiento,26.7,1.98,4,1,1,1,2,9,13.43
Pequeño_establecimiento,34.8,4.19,4,0,1,5,1,12,13.47
Casa,21.5,1.7,2,1,0,3,0,10,7.15
Casa,26.9,0.54,2,0,0,0,0,20,6.44
Casa,27.6,9.0,3,1,3,3,0,20,9.58
Casa,21.7,2.65,3,2,3,4,0,10,7.58
Casa,14.0,0.44,3,2,1,3,0,18,8.97
Pequeño_establecimiento,12.6,3.05,3,2,3,4,0,17,9.37
Pequeño_establecimiento,10.5,1.2,1,0,0,1,0,8,3.15
Casa,34.5,1.11,1,1,1,3,0,4,6.6
Casa,16.6,4.22,3,1,2,2,0,20,10.2
Casa,15.9,0.81,3,0,2,5,0,9,8.91
Casa,30.6,0.31,0,0,0,2,3,6,14.78
Casa,19.0,0.84,1,0,3,5,2,7,9.23
Casa,24.2,2.8,0,0,2,3,1,3,7.83
Casa,14.6,2.28,0,0,3,3,0,20,5.9
Casa,36.9,2.66,4,2,2,5,2,14,20.05
Casa,33.8,3.54,2,1,3,0,1,7,10.05
Pequeño_establecimiento,34.2,2.1,1,0,2,3,1,7,9.62
Casa,21.4,0.7,3,2,2,0,0,3,6.28
Casa,31.3,1.1,3,0,1,0,0,6,6.78
Casa,14.0,3.63,2,2,1,5,0,12,8.93
Casa,10.2,0.04,1,0,0,0,0,12,4.24
Casa,10.6,2.76,3,1,2,0,0,15,7.66
Casa,26.4,0.82,3,0,3,1,0,14,7.77
Pequeño_establecimiento,22.8,5.07,4,0,2,2,3,9,15.96
Casa,24.5,0.44,0,1,3,0,0,16,4.26
Pequeño_establecimiento,10.2,1.29,3,1,3,2,0,13,8.15
Casa,21.8,4.11,1,0,2,0,0,4,2.87
Casa,30.1,3.08,2,1,3,2,2,6,14.13
Casa,22.4,0.97,4,1,0,3,0,7,10.1
Casa,30.5,1.47,1,2,1,3,2,3,12.42
Casa,16.5,4.9,4,1,3,2,0,9,9.88
Casa,32.8,0.79,0,1,2,0,1,6,5.22
Casa,26.5,3.1,3,0,1,1,2,18,13.17
Pequeño_establecimiento,15.9,0.59,1,0,0,2,0,3,2.95
Pequeño_establecimiento,16.6,1.13,2,2,3,4,0,12,7.68
Pequeño_establecimiento,27.6,1.94,0,0,3,1,2,5,9.19
Casa,33.2,1.68,0,1,1,4,3,12,19.41
Casa,21.6,2.37,4,1,3,2,0,10,9.18
Casa,17.2,1.33,0,1,2,0,0,7,3.26
Casa,34.3,1.41,1,0,1,4,2,3,13.11
Casa,28.7,1.66,4,1,1,2,0,16,10.36
Casa,22.5,1.48,0,1,3,1,0,6,2.95
Casa,23.7,4.82,2,2,0,0,0,13,5.4
Casa,15.7,1.2,1,2,0,4,0,14,6.16
Pequeño_establecimiento,27.6,1.67,2,2,0,2,3,18,17.2
Casa,20.0,7.42,2,0,0,0,0,5,4.6
Casa,37.9,2.32,4,1,1,0,1,11,12.56
Casa,23.4,0.21,3,1,1,3,0,2,7.23
Pequeño_establecimiento,23.6,1.81,4,1,3,0,0,12,8.86
Casa,25.8,2.93,1,2,0,2,0,17,6.12
Casa,35.7,2.28,1,1,0,1,0,12,6.46
Casa,32.4,3.09,4,1,3,5,0,10,12.17
Casa,22.6,5.48,3,1,3,3,3,3,14.96
Casa,30.1,1.9,4,1,3,2,1,8,13.57
Casa,26.4,0.71,1,1,2,2,0,20,7.96
Casa,23.8,0.82,3,0,3,2,2,19,14.62
Casa,15.4,1.45,1,1,3,4,0,8,7.14
Casa,23.0,5.41,3,0,2,4,0,10,7.72
Pequeño_establecimiento,16.9,1.07,3,1,0,1,0,13,5.61
Casa,35.6,1.91,4,0,1,2,0,4,7.88
Casa,19.4,3.2,4,1,0,4,0,17,9.51
Casa,36.7,0.64,4,1,1,4,2,8,18.17
Casa,24.9,5.67,3,1,1,4,0,6,8.89
Casa,27.7,3.41,3,1,3,1,2,8,13.66
Casa,25.2,4.33,1,2,3,1,1,20,8.94
Casa,13.6,0.82,2,1,2,2,0,18,6.65
Casa,20.5,1.79,4,0,0,3,0,17,10.81
Casa,12.8,2.73,1,2,0,2,0,20,5.21
Casa,27.4,1.42,1,2,1,4,0,19,8.02
Pequeño_establecimiento,22.5,0.24,0,1,3,5,3,20,15.59
Casa,31.8,2.51,4,0,3,4,3,5,20.64
Casa,16.2,0.7,1,0,0,0,0,2,2.26
Casa,14.6,2.51,0,2,2,5,0,5,5.84
Casa,21.4,0.84,4,0,3,5,3,5,18.06
Casa,35.9,2.02,3,1,2,2,0,10,7.75
Casa,29.9,1.92,0,1,0,4,0,9,4.59
Pequeño_establecimiento,21.7,0.55,3,1,0,4,0,3,6.78
Casa,24.5,0.57,2,1,2,3,0,7,6.77
Casa,12.4,6.32,2,1,3,0,0,12,6.19
Casa,37.6,1.5,2,2,0,2,1,5,11.71
Casa,28.7,0.79,2,1,1,1,3,15,17.97
Casa,18.0,3.04,1,1,0,2,0,10,6.02
Casa,26.4,1.04,2,2,3,5,0,3,7.89
Casa,13.1,2.14,1,2,1,2,2,2,7.0
Casa,37.0,2.28,1,2,0,3,3,5,19.76
Casa,14.9,2.66,4,0,3,2,0,13,9.27
Casa,28.1,0.63,1,0,3,3,3,6,16.25
Casa,16.9,4.35,1,1,0,5,0,10,7.28
Pequeño_establecimiento,30.1,1.47,2,1,3,3,0,5,5.69
Casa,31.8,1.91,1,1,2,4,2,17,16.06
Pequeño_establecimiento,28.9,1.29,3,0,1,1,0,3,5.27
Casa,27.2,2.58,2,1,2,5,0,17,9.08
Casa,35.0,3.43,0,1,0,3,0,17,4.83
Casa,12.2,0.69,2,0,2,0,0,12,5.14
Casa,19.3,2.3,1,2,0,5,0,2,4.45
Casa,17.0,1.32,3,0,0,0,0,16,9.27
Casa,37.7,2.41,2,1,3,1,1,5,11.48
Casa,20.9,1.96,3,0,3,3,0,19,9.86
Casa,30.5,2.92,0,2,0,5,0,18,7.91
Casa,29.2,2.2,0,2,1,5,0,8,6.9
Casa,15.9,0.41,4,2,1,1,0,19,10.36
Pequeño_establecimiento,16.7,3.67,4,2,1,4,0,14,9.5
Casa,17.9,1.3,2,2,2,0,0,11,7.18
Casa,21.5,2.86,4,2,0,5,2,2,15.34
Casa,16.6,0.89,3,1,3,2,0,3,8.24
Casa,10.6,0.46,4,1,2,0,0,18,9.04
Casa,34.6,3.35,3,0,2,3,0,4,7.98
Casa,37.0,1.87,4,1,3,1,1,18,14.49
Casa,19.6,1.27,4,2,0,0,1,13,10.34
Casa,19.5,1.04,4,1,2,2,3,13,16.83
Casa,10.2,3.15,1,0,0,2,0,11,6.02
Casa,29.0,4.11,1,2,0,1,0,8,5.88
Pequeño_establecimiento,33.1,5.23,4,1,0,1,0,11,7.77
Casa,14.1,0.48,3,1,3,0,0,19,8.4
Casa,14.5,1.19,2,0,0,3,0,7,6.92
Casa,32.1,3.04,0,2,2,4,1,8,8.78
Casa,27.3,0.77,1,0,3,2,1,18,9.75
Pequeño_establecimiento,11.3,2.59,4,2,3,1,0,13,9.78
Casa,27.4,6.96,0,2,2,4,0,18,8.26
Casa,18.6,0.83,1,1,3,4,0,19,9.04
Pequeño_establecimiento,20.3,2.12,2,0,2,4,0,15,7.23
Casa,31.6,0.11,3,0,1,3,1,12,10.44
Casa,32.7,1.41,4,0,2,1,2,3,16.37
Casa,21.2,2.08,2,2,3,2,0,2,6.96
Casa,36.5,2.17,1,0,2,1,3,12,18.16
Casa,21.4,2.14,4,2,1,0,0,3,6.31
Pequeño_establecimiento,31.6,0.63,0,0,0,2,1,17,7.12
Pequeño_establecimiento,23.5,1.36,3,0,0,1,1,4,9.37
Casa,35.1,1.32,1,1,0,2,1,2,7.53
Casa,35.4,2.44,3,0,3,0,1,9,11.7
Casa,12.4,4.73,4,1,1,5,0,20,11.23
Pequeño_establecimiento,36.2,0.05,2,1,2,2,2,2,13.72
Casa,33.1,1.67,3,2,2,5,3,6,21.39
Casa,32.2,2.99,0,0,2,4,0,2,5.31
Casa,15.6,4.11,1,0,2,3,0,12,6.27
Casa,32.5,2.24,0,0,3,0,1,10,8.36
Casa,33.8,4.91,3,1,3,2,3,6,22.06
Casa,18.1,0.47,2,0,1,0,0,3,5.35
Casa,36.7,0.37,2,2,2,4,1,14,13.3
Casa,11.4,0.53,0,2,0,5,0,19,7.71
Casa,14.2,1.62,4,0,3,3,0,13,10.71
Casa,25.1,3.89,4,1,1,0,0,15,8.16
Pequeño_establecimiento,26.1,1.48,2,2,1,5,0,6,6.24
Casa,28.1,0.61,0,2,3,4,2,11,13.56
Casa,10.5,2.4,0,1,0,4,0,3,3.61
Casa,36.9,4.07,0,2,0,4,1,5,8.18
Casa,11.2,4.3,3,1,2,5,0,13,9.86
Casa,14.0,3.75,4,2,3,2,0,12,8.76
Pequeño_establecimiento,10.4,3.14,4,1,0,1,0,5,6.13
Casa,25.9,1.17,3,2,3,0,1,12,10.46
Casa,36.1,2.03,1,0,1,1,1,10,10.83
Casa,28.6,3.92,3,2,1,4,0,11,9.82
Pequeño_establecimiento,33.0,1.19,0,2,1,1,1,7,6.33
Casa,10.4,3.39,3,0,3,5,0,16,9.81
Casa,25.2,4.61,0,0,2,4,0,11,3.47
Casa,22.9,0.9,2,0,2,4,0,7,6.17
Casa,24.0,2.81,0,0,0,3,0,2,1.91
Casa,12.0,0.54,4,1,3,3,0,5,8.77
Pequeño_establecimiento,29.2,1.85,3,1,2,5,3,15,19.85
Casa,24.1,5.19,0,2,3,5,0,9,6.33
Casa,31.4,0.78,1,2,2,1,0,12,5.03
Casa,23.6,0.43,2,2,1,0,0,16,6.58
Pequeño_establecimiento,14.2,2.11,1,1,1,1,0,20,4.0
